{"_timestamp":1.741253328442114e+09,"best score":10,"reward":-10,"_runtime":4.0218964,"loss":1.319133996963501,"average score":7.5,"score":10,"_wandb":{"runtime":4},"_step":361,"step":0}