{"_wandb":{"runtime":2},"loss":0.7010271549224854,"average score":0,"_runtime":2.4855306,"best score":10,"score":0,"_timestamp":1.7412557754225132e+09,"_step":109,"reward":-10,"step":0}