{"score":0,"best score":10,"_wandb":{"runtime":2},"average score":5,"loss":2.1726584434509277,"step":0,"_runtime":2.3755561,"_step":109,"reward":-10,"_timestamp":1.741255832288858e+09}