{"average score":4.444444444444445,"_runtime":2.7973285,"loss":3.398646831512451,"_timestamp":1.7412551206007936e+09,"score":10,"reward":-10,"best score":10,"_wandb":{"runtime":2},"_step":361,"step":0}