{"_timestamp":1.7412569899685633e+09,"reward":-10,"loss":3.5778374671936035,"_runtime":2.7797511,"_step":109,"_wandb":{"runtime":2},"score":0,"best score":10,"average score":0,"step":0}