{"step":0,"_step":109,"score":0,"average score":0,"_wandb":{"runtime":1},"reward":-10,"best score":10,"_timestamp":1.741253226627565e+09,"_runtime":1.8064827,"loss":1.4615182876586914}