{"step":0,"best score":10,"average score":0,"reward":-10,"_step":109,"score":0,"_wandb":{"runtime":1},"_timestamp":1.7412541341282957e+09,"loss":0.05868126079440117,"_runtime":1.6999837}