{"average score":0,"loss":1.7726022005081177,"reward":-10,"step":0,"_wandb":{"runtime":2},"_runtime":2.2931122,"best score":10,"score":0,"_step":109,"_timestamp":1.7412558014278271e+09}