{"_wandb":{"runtime":2},"reward":-10,"_timestamp":1.7412566325800953e+09,"step":0,"average score":0,"loss":1.0435552597045898,"_step":109,"score":0,"_runtime":2.3185734,"best score":10}