{"_timestamp":1.7412559184599469e+09,"loss":0.14389297366142273,"_step":109,"step":0,"score":0,"reward":-10,"average score":0,"best score":10,"_wandb":{"runtime":2},"_runtime":2.3665123}