{"_runtime":2.2660888,"_wandb":{"runtime":2},"best score":10,"loss":0.5571910738945007,"_timestamp":1.7412557411096702e+09,"_step":109,"step":0,"reward":-10,"average score":0,"score":0}