{"average score":1.4285714285714286,"_step":109,"_timestamp":1.7412552863642313e+09,"loss":0.06718702614307404,"_wandb":{"runtime":1},"best score":10,"_runtime":1.8042123,"reward":-10,"step":0,"score":0}