{"_wandb":{"runtime":5},"best score":10,"_step":361,"step":0,"score":10,"reward":-10,"_runtime":5.2863948,"average score":10,"_timestamp":1.7412522783860958e+09,"loss":3.4426229000091553}