{"_wandb":{"runtime":2},"_step":109,"best score":10,"average score":2.2222222222222223,"step":0,"_timestamp":1.74125586339947e+09,"loss":0.11143982410430908,"score":0,"reward":-10,"_runtime":2.1586369}