{"_timestamp":1.7412531452375925e+09,"reward":-10,"best score":10,"loss":0.14565324783325195,"step":0,"_runtime":8.541772,"average score":7.5,"_wandb":{"runtime":8},"_step":109,"score":0}