{"loss":0.05531126633286476,"_wandb":{"runtime":1},"average score":5,"step":0,"best score":10,"_runtime":1.5423578999999998,"reward":-10,"score":0,"_step":109,"_timestamp":1.7412540990370455e+09}