{"score":0,"average score":0,"reward":-10,"_runtime":3.5798655,"_step":109,"step":0,"_timestamp":1.741256986123283e+09,"loss":0.21888518333435059,"best score":10,"_wandb":{"runtime":3}}