{"_timestamp":1.7412538833751576e+09,"_runtime":4.1777836,"reward":-10,"average score":8.571428571428571,"_step":361,"loss":0.022709975019097328,"step":0,"score":10,"best score":10,"_wandb":{"runtime":4}}