{"_wandb":{"runtime":1},"_runtime":1.4388315999999999,"step":0,"loss":0.03734463453292847,"average score":0,"score":0,"reward":-10,"_step":109,"_timestamp":1.7412547048286672e+09,"best score":10}