{"score":0,"average score":0,"reward":-10,"loss":3.145320177078247,"step":0,"_timestamp":1.7412566109169943e+09,"_step":109,"_runtime":2.1440405,"best score":10,"_wandb":{"runtime":2}}