{"reward":-10,"_step":455,"step":0,"score":10,"_timestamp":1.74125551457923e+09,"_runtime":9.7694388,"loss":2.591993808746338,"average score":2.5,"_wandb":{"runtime":9},"best score":10}