{"_step":109,"step":0,"best score":10,"average score":0,"_wandb":{"runtime":2},"_timestamp":1.7412534109215155e+09,"score":0,"reward":-10,"_runtime":2.1288175,"loss":0.04558826982975006}