{"step":0,"average score":2.5,"loss":0.15232031047344208,"score":0,"best score":10,"_runtime":2.4903099,"reward":-10,"_wandb":{"runtime":2},"_timestamp":1.7412564549027524e+09,"_step":109}