{"_timestamp":1.7412543098457677e+09,"_step":361,"_runtime":4.0576658,"reward":-10,"step":0,"loss":0.019517768174409866,"average score":10,"score":10,"best score":10,"_wandb":{"runtime":4}}