{"step":0,"_step":109,"score":0,"best score":10,"reward":-10,"_timestamp":1.7412566600969505e+09,"_wandb":{"runtime":2},"_runtime":2.3243044,"average score":0,"loss":0.27272459864616394}