{"loss":0.04036853089928627,"_timestamp":1.7412557206791277e+09,"score":0,"reward":-10,"_runtime":2.0191759,"step":0,"_wandb":{"runtime":2},"_step":109,"best score":10,"average score":0}