{"score":10,"best score":10,"_wandb":{"runtime":4},"reward":-10,"_runtime":4.1451762,"_timestamp":1.7412537606086383e+09,"_step":361,"loss":0.02371450699865818,"step":0,"average score":6}