{"average score":3.3333333333333335,"_wandb":{"runtime":7},"_step":455,"_timestamp":1.741255314764415e+09,"step":0,"reward":-10,"loss":0.7906486392021179,"_runtime":7.3686327,"score":10,"best score":10}