{"_timestamp":1.741254907275859e+09,"step":0,"best score":10,"loss":0.11100905388593674,"_wandb":{"runtime":1},"average score":3.75,"_runtime":1.3248281,"reward":-10,"_step":109,"score":0}