{"_runtime":2.6336689,"best score":10,"_timestamp":1.7412559400748546e+09,"step":0,"_wandb":{"runtime":2},"score":0,"reward":-10,"loss":0.127964049577713,"average score":1.4285714285714286,"_step":109}