{"reward":-10,"step":0,"_wandb":{"runtime":6},"_step":361,"score":10,"average score":5,"loss":0.46340474486351013,"best score":10,"_timestamp":1.7412526661825967e+09,"_runtime":6.3546724}