{"reward":-10,"loss":0.19076959788799286,"score":0,"average score":2.857142857142857,"step":0,"_wandb":{"runtime":1},"_timestamp":1.7412552172436857e+09,"_step":109,"best score":10,"_runtime":1.2830057}