{"_wandb":{"runtime":2},"score":0,"average score":2.5,"reward":-10,"step":0,"_timestamp":1.7412567233399508e+09,"_runtime":2.3417168,"best score":10,"_step":109,"loss":3.018322229385376}