{"loss":0.0675666406750679,"step":0,"reward":-10,"_step":361,"_wandb":{"runtime":5},"_runtime":5.4465539,"average score":7.5,"score":10,"best score":10,"_timestamp":1.7412525370250587e+09}