{"score":0,"_timestamp":1.7412555409453185e+09,"_wandb":{"runtime":2},"best score":10,"_runtime":2.0328842,"loss":1.9359254837036133,"average score":0,"_step":109,"step":0,"reward":-10}