{"_runtime":2.6401544,"loss":0.38053229451179504,"average score":0,"_timestamp":1.7412559149142625e+09,"_step":109,"best score":10,"_wandb":{"runtime":2},"score":0,"reward":-10,"step":0}