{"reward":-10,"loss":0.2439214140176773,"average score":3.3333333333333335,"step":0,"score":10,"_wandb":{"runtime":6},"_runtime":6.2937179,"_timestamp":1.741255596389214e+09,"_step":361,"best score":10}