{"_wandb":{"runtime":5},"_runtime":5.2596385,"loss":0.042934104800224304,"_timestamp":1.7412532423867772e+09,"step":0,"average score":6.666666666666667,"_step":361,"reward":-10,"score":10,"best score":10}