{"step":0,"best score":10,"_step":361,"_wandb":{"runtime":4},"_runtime":4.2396451,"score":10,"reward":-10,"average score":0,"loss":0.047881368547677994,"_timestamp":1.741253337359388e+09}