{"_timestamp":1.7412544197721393e+09,"average score":10,"_runtime":5.2170423,"score":10,"reward":-10,"step":0,"_wandb":{"runtime":5},"best score":10,"_step":455,"loss":0.016530698165297508}