{"score":10,"best score":10,"_runtime":4.1417022,"_step":361,"reward":-10,"_wandb":{"runtime":4},"step":0,"loss":0.009255402721464634,"_timestamp":1.7412530670157743e+09,"average score":6.666666666666667}