{"score":0,"loss":1.291733741760254,"average score":0,"best score":10,"_wandb":{"runtime":2},"_runtime":2.4342261,"reward":-10,"_timestamp":1.7412564107984657e+09,"_step":109,"step":0}