{"best score":10,"reward":-10,"step":0,"average score":6.25,"_wandb":{"runtime":5},"_step":455,"_timestamp":1.7412540775732987e+09,"loss":3.1972081661224365,"score":10,"_runtime":5.9815156}