{"average score":0,"_timestamp":1.7412557614452012e+09,"step":0,"best score":10,"score":0,"_runtime":2.287405,"_wandb":{"runtime":2},"reward":-10,"_step":109,"loss":0.844325602054596}