{"best score":10,"average score":5.555555555555555,"_wandb":{"runtime":1},"_runtime":1.4984237999999999,"_step":109,"score":0,"loss":1.6551620960235596,"_timestamp":1.7412543220757468e+09,"reward":-10,"step":0}