{"_runtime":4.3645755,"score":10,"_timestamp":1.7412529903207486e+09,"step":0,"_step":361,"loss":1.6289403438568115,"best score":10,"_wandb":{"runtime":4},"average score":6.666666666666667,"reward":-10}