{"_timestamp":1.7412540540760477e+09,"average score":10,"_wandb":{"runtime":5},"_runtime":5.3145808,"step":0,"score":10,"_step":455,"reward":-10,"loss":0.0319279208779335,"best score":10}