{"best score":10,"average score":8,"_wandb":{"runtime":1},"_step":109,"score":0,"loss":4.925133228302002,"reward":-10,"_timestamp":1.7412561980576348e+09,"_runtime":1.9313655,"step":0}