{"score":0,"reward":-10,"average score":1.1111111111111112,"_timestamp":1.7412551534962542e+09,"step":0,"_step":109,"_wandb":{"runtime":1},"loss":3.763932704925537,"best score":10,"_runtime":1.0682121}