{"loss":3.0662553310394287,"_timestamp":1.741255088375076e+09,"step":0,"score":10,"_step":361,"reward":-10,"_runtime":2.7393304,"best score":10,"average score":5.555555555555555,"_wandb":{"runtime":2}}