{"loss":0.07981757074594498,"_step":456,"score":10,"average score":6,"_timestamp":1.7412550405780208e+09,"_runtime":3.6946338,"reward":-10,"step":0,"_wandb":{"runtime":3},"best score":10}