{"loss":0.030927125364542007,"average score":0,"_runtime":4.0862259,"step":0,"best score":10,"_step":361,"score":10,"_wandb":{"runtime":4},"reward":-10,"_timestamp":1.7412544994869678e+09}