{"step":0,"_step":109,"average score":0,"_wandb":{"runtime":2},"_runtime":2.3298755,"loss":0.11344350874423981,"best score":10,"reward":-10,"_timestamp":1.7412556693998702e+09,"score":0}