{"_runtime":1.45658,"loss":0.26069435477256775,"average score":0,"_wandb":{"runtime":1},"_step":109,"reward":-10,"_timestamp":1.7412542409452841e+09,"step":0,"score":0,"best score":10}