{"average score":5.555555555555555,"reward":-10,"step":0,"_step":361,"best score":10,"_runtime":6.6958565,"loss":0.17949385941028595,"_wandb":{"runtime":6},"score":10,"_timestamp":1.7412561589609563e+09}