{"_wandb":{"runtime":1},"_runtime":1.9594687,"average score":0,"_timestamp":1.7412558730850787e+09,"loss":2.714250087738037,"_step":109,"score":0,"best score":10,"reward":-10,"step":0}