{"_wandb":{"runtime":2},"step":0,"_timestamp":1.74125463116321e+09,"loss":0.1320967823266983,"score":0,"_runtime":2.3540429,"best score":10,"average score":5,"reward":-10,"_step":109}