{"reward":-10,"loss":0.06354318559169769,"step":0,"score":0,"best score":10,"_wandb":{"runtime":2},"_step":109,"average score":0,"_timestamp":1.7412555814768066e+09,"_runtime":2.9496005}