{"average score":10,"_runtime":4.8052676,"_step":361,"_timestamp":1.7412539761262796e+09,"loss":0.056282855570316315,"step":0,"_wandb":{"runtime":4},"score":10,"best score":10,"reward":-10}