{"loss":1.0689862966537476,"step":0,"_step":109,"reward":-10,"score":0,"_timestamp":1.741256618173601e+09,"_runtime":2.2801584,"average score":0,"_wandb":{"runtime":2},"best score":10}