{"_runtime":1.9399023,"step":0,"score":0,"reward":-10,"_timestamp":1.7412553179944563e+09,"average score":2.5,"_step":109,"loss":2.047189235687256,"_wandb":{"runtime":1},"best score":10}