{"best score":10,"_step":455,"score":10,"_wandb":{"runtime":3},"_timestamp":1.7412547606059456e+09,"_runtime":3.4598947,"step":0,"loss":0.4370182156562805,"average score":1.4285714285714286,"reward":-10}