{"score":0,"loss":0.04933701828122139,"_timestamp":1.741255170694719e+09,"step":0,"best score":10,"_wandb":{"runtime":1},"_runtime":1.1934361,"reward":-10,"average score":5,"_step":109}