{"average score":7.5,"best score":10,"_timestamp":1.7412524061863618e+09,"_runtime":5.1465551,"reward":-10,"_step":361,"loss":0.0503421425819397,"step":0,"_wandb":{"runtime":5},"score":10}