{"_step":109,"step":0,"reward":-10,"average score":1.4285714285714286,"loss":0.20617061853408813,"score":0,"_timestamp":1.741256910990705e+09,"best score":10,"_runtime":3.5670448,"_wandb":{"runtime":3}}