{"_step":361,"average score":8.571428571428571,"loss":0.027817264199256897,"step":0,"_timestamp":1.7412523678517394e+09,"score":10,"_wandb":{"runtime":4},"_runtime":4.8341783,"reward":-10,"best score":10}