{"average score":0,"_wandb":{"runtime":2},"_runtime":2.1150515,"best score":10,"_step":109,"loss":0.5486272573471069,"reward":-10,"_timestamp":1.741256747716045e+09,"step":0,"score":0}