{"_wandb":{"runtime":2},"loss":0.5105904936790466,"score":0,"best score":10,"_timestamp":1.741256898912883e+09,"_runtime":2.3376564,"step":0,"reward":-10,"_step":109,"average score":2}