{"average score":0,"reward":-10,"_runtime":3.475087,"best score":10,"_wandb":{"runtime":3},"_timestamp":1.74125692662835e+09,"_step":109,"loss":12.088644027709961,"step":0,"score":0}