{"loss":0.3536699712276459,"score":10,"best score":10,"_runtime":5.4029942,"_step":361,"reward":-10,"average score":7.5,"_wandb":{"runtime":5},"_timestamp":1.7412525614194252e+09,"step":0}