{"_runtime":2.3703715,"_step":109,"score":0,"loss":0.21814431250095367,"_timestamp":1.7412566706977546e+09,"step":0,"best score":10,"reward":-10,"_wandb":{"runtime":2},"average score":0}