{"average score":5,"_wandb":{"runtime":5},"step":0,"best score":10,"_runtime":5.2635502,"score":10,"_timestamp":1.7412533025968843e+09,"loss":0.07154040038585663,"_step":361,"reward":-10}