{"reward":-10,"loss":0.33999067544937134,"step":0,"best score":10,"_step":361,"score":10,"average score":3.3333333333333335,"_wandb":{"runtime":7},"_timestamp":1.7412568588538203e+09,"_runtime":7.2983532}