{"reward":-10,"best score":10,"average score":2.2222222222222223,"score":0,"_wandb":{"runtime":2},"_runtime":2.3781988,"_step":109,"_timestamp":1.7412568703078938e+09,"loss":1.92887544631958,"step":0}