{"best score":10,"step":0,"_timestamp":1.7412547393342383e+09,"loss":0.04340706393122673,"_wandb":{"runtime":1},"average score":5.555555555555555,"_runtime":1.1399041,"_step":109,"reward":-10,"score":0}