{"_step":109,"average score":0,"reward":-10,"loss":0.6126646995544434,"_wandb":{"runtime":2},"_timestamp":1.74125658033125e+09,"step":0,"_runtime":2.2143255,"score":0,"best score":10}