{"step":0,"_wandb":{"runtime":2},"loss":0.09530150890350342,"_runtime":2.24619,"score":0,"_step":109,"_timestamp":1.7412566636582456e+09,"average score":0,"reward":-10,"best score":10}