{"_wandb":{"runtime":1},"best score":10,"reward":-10,"_runtime":1.4430109,"_step":109,"step":0,"score":0,"average score":6,"_timestamp":1.7412547247687602e+09,"loss":1.4669617414474487}