{"average score":0,"_runtime":2.3071569,"reward":-10,"score":0,"step":0,"best score":10,"loss":0.18510237336158752,"_wandb":{"runtime":2},"_step":109,"_timestamp":1.7412567578825645e+09}