{"_wandb":{"runtime":7},"step":0,"_step":361,"_timestamp":1.7412562809772224e+09,"loss":0.404958039522171,"score":10,"_runtime":7.1723644,"average score":8.333333333333334,"best score":10,"reward":-10}