{"_timestamp":1.7412564035475554e+09,"reward":-10,"best score":10,"average score":0,"_runtime":2.2246453,"score":0,"_step":109,"loss":0.11769171804189682,"step":0,"_wandb":{"runtime":2}}