{"loss":1.2627240419387817,"best score":10,"step":0,"average score":0,"_timestamp":1.7412568744780736e+09,"_runtime":2.5760868,"score":0,"reward":-10,"_step":109,"_wandb":{"runtime":2}}