{"_runtime":11.1701785,"_timestamp":1.7412534388524804e+09,"average score":6,"loss":0.048642560839653015,"best score":10,"_wandb":{"runtime":11},"reward":-10,"step":0,"_step":455,"score":10}