{"score":0,"_wandb":{"runtime":1},"_timestamp":1.741254534395282e+09,"_step":109,"reward":-10,"best score":10,"_runtime":1.875632,"loss":0.10201764106750488,"step":0,"average score":8.333333333333334}