{"best score":10,"reward":-10,"_timestamp":1.741255734161557e+09,"step":0,"score":0,"_step":109,"loss":0.2821681797504425,"_wandb":{"runtime":2},"average score":0,"_runtime":2.5984891}