{"_step":470,"reward":-10,"_wandb":{"runtime":5},"score":10,"_timestamp":1.7412545184172497e+09,"_runtime":5.5707024,"average score":10,"step":0,"best score":10,"loss":1.3528542518615723}