{"step":0,"score":10,"loss":0.04280479624867439,"_timestamp":1.7412537677028508e+09,"_runtime":5.8310418,"reward":-10,"average score":6.666666666666667,"best score":10,"_wandb":{"runtime":5},"_step":455}