{"step":0,"_runtime":2.3115784,"_wandb":{"runtime":2},"_timestamp":1.7412564897406816e+09,"loss":2.9757606983184814,"_step":109,"reward":-10,"score":0,"average score":0,"best score":10}