{"loss":2.39127516746521,"_timestamp":1.7412541502280605e+09,"_wandb":{"runtime":4},"best score":10,"average score":5,"reward":-10,"_step":361,"_runtime":4.0360599,"step":0,"score":10}