{"_timestamp":1.7412550668462262e+09,"_runtime":4.2833651,"_wandb":{"runtime":4},"_step":455,"step":0,"loss":0.08609329164028168,"best score":10,"reward":-10,"score":10,"average score":10}