{"score":0,"_runtime":2.2492996,"_step":109,"_wandb":{"runtime":2},"average score":1.25,"step":0,"reward":-10,"_timestamp":1.741256392430408e+09,"best score":10,"loss":0.1465350240468979}