{"average score":4.285714285714286,"_runtime":1.3355652,"reward":-10,"step":0,"score":0,"_timestamp":1.7412551808908703e+09,"loss":0.28875115513801575,"best score":10,"_step":109,"_wandb":{"runtime":1}}