{"_timestamp":1.741253932845668e+09,"_step":361,"_runtime":3.8547892,"reward":-10,"_wandb":{"runtime":3},"step":0,"best score":10,"loss":0.03940049931406975,"average score":10,"score":10}