{"_timestamp":1.7412557027283947e+09,"_wandb":{"runtime":2},"_runtime":2.1499427,"reward":-10,"loss":2.308896780014038,"average score":1.25,"score":0,"_step":109,"step":0,"best score":10}