{"average score":0,"_runtime":2.0452641,"loss":1.7958228588104248,"step":0,"reward":-10,"_timestamp":1.7412557373133101e+09,"_step":109,"best score":10,"_wandb":{"runtime":2},"score":0}