{"best score":10,"average score":0,"_timestamp":1.7412566564609797e+09,"score":0,"_wandb":{"runtime":2},"reward":-10,"_step":109,"step":0,"loss":0.8526564836502075,"_runtime":2.7469186}