{"_timestamp":1.7412549161632025e+09,"reward":-10,"average score":0,"_wandb":{"runtime":1},"score":0,"best score":10,"_runtime":1.5460175999999999,"_step":109,"loss":3.1029694080352783,"step":0}