{"reward":-10,"step":0,"_wandb":{"runtime":1},"_timestamp":1.7412553748763864e+09,"_step":109,"best score":10,"score":0,"average score":5,"_runtime":1.9711789,"loss":0.1254589557647705}