{"_timestamp":1.74125676830972e+09,"_runtime":2.32188,"loss":0.3196985423564911,"step":0,"best score":10,"average score":0,"reward":-10,"_wandb":{"runtime":2},"_step":109,"score":0}