{"_wandb":{"runtime":2},"average score":0,"best score":10,"_timestamp":1.741255866795471e+09,"step":0,"reward":-10,"loss":0.35200366377830505,"score":0,"_step":109,"_runtime":2.3063835}