{"step":0,"score":0,"best score":10,"reward":-10,"loss":0.07029891014099121,"_timestamp":1.741255899976621e+09,"_wandb":{"runtime":2},"_step":109,"average score":1.25,"_runtime":2.5183432}