{"average score":2,"_step":361,"loss":0.08414702862501144,"_runtime":3.4897029,"_wandb":{"runtime":3},"score":10,"best score":10,"_timestamp":1.741255280748177e+09,"reward":-10,"step":0}