{"_timestamp":1.741254569703666e+09,"_wandb":{"runtime":1},"average score":2,"loss":0.07091176509857178,"score":0,"_step":109,"step":0,"reward":-10,"best score":10,"_runtime":1.551548}