{"loss":1.5362441539764404,"_runtime":4.5999462,"step":0,"score":10,"_step":361,"best score":10,"reward":-10,"_wandb":{"runtime":4},"_timestamp":1.7412539996215115e+09,"average score":8.333333333333334}