{"step":0,"score":0,"_runtime":2.9419440999999997,"loss":25.83307456970215,"best score":10,"reward":-10,"average score":2.5,"_step":109,"_wandb":{"runtime":2},"_timestamp":1.7412546760540497e+09}