{"_wandb":{"runtime":6},"_runtime":6.3741403,"loss":0.06848812103271484,"_step":455,"reward":-10,"step":0,"average score":0,"_timestamp":1.7412525098439252e+09,"score":10,"best score":10}