{"reward":-10,"average score":0,"_step":109,"best score":10,"score":0,"_timestamp":1.7412566076726115e+09,"loss":0.6669712662696838,"_wandb":{"runtime":2},"_runtime":2.4146582,"step":0}