{"average score":0,"_runtime":2.8236429,"score":0,"step":0,"best score":10,"loss":0.08338791131973267,"_wandb":{"runtime":2},"reward":-10,"_step":109,"_timestamp":1.7412564863126647e+09}