{"step":0,"score":0,"_step":109,"average score":0,"loss":0.12679196894168854,"_runtime":2.3656421,"best score":10,"reward":-10,"_timestamp":1.741256684942703e+09,"_wandb":{"runtime":2}}