{"_wandb":{"runtime":2},"best score":10,"reward":-10,"_step":109,"score":0,"_timestamp":1.7412559845622883e+09,"step":0,"_runtime":2.3665573,"average score":1.4285714285714286,"loss":0.593641996383667}