{"_wandb":{"runtime":2},"step":0,"average score":2,"_runtime":2.375069,"_step":109,"reward":-10,"loss":3.35324764251709,"_timestamp":1.741256850295247e+09,"best score":10,"score":0}