{"score":10,"reward":-10,"step":0,"_wandb":{"runtime":4},"loss":0.03604042902588844,"_step":361,"_runtime":4.2343437999999995,"best score":10,"average score":8,"_timestamp":1.741252353675113e+09}