{"average score":0,"_wandb":{"runtime":3},"score":0,"_step":109,"reward":-10,"step":0,"_timestamp":1.741256419324057e+09,"_runtime":3.4855169999999998,"best score":10,"loss":2.416372299194336}