{"_timestamp":1.7412563487098198e+09,"reward":-10,"_runtime":2.0534199,"_step":109,"score":0,"loss":0.26922017335891724,"best score":10,"step":0,"average score":4.285714285714286,"_wandb":{"runtime":2}}