{"_runtime":2.3253693,"_timestamp":1.741256461856298e+09,"score":0,"reward":-10,"_wandb":{"runtime":2},"step":0,"average score":1.6666666666666667,"best score":10,"_step":109,"loss":0.1324133723974228}