{"_runtime":3.3795918,"score":0,"reward":-10,"_timestamp":1.7412546832932236e+09,"loss":1.7691148519515991,"step":0,"average score":1.6666666666666667,"_wandb":{"runtime":3},"_step":109,"best score":10}