{"best score":10,"loss":0.19362324476242065,"_runtime":2.4600405,"average score":0,"_wandb":{"runtime":2},"reward":-10,"score":0,"_timestamp":1.7412569333124213e+09,"step":0,"_step":109}