{"_wandb":{"runtime":3},"best score":10,"step":0,"score":0,"_timestamp":1.7412551334505863e+09,"_step":109,"reward":-10,"loss":0.7316532731056213,"average score":0,"_runtime":3.2944630999999998}