{"score":0,"best score":10,"step":0,"_timestamp":1.7412547558534014e+09,"average score":0,"_step":109,"reward":-10,"loss":1.603340744972229,"_wandb":{"runtime":1},"_runtime":1.6531608}