{"best score":10,"score":10,"_timestamp":1.7412549776126394e+09,"loss":0.16969594359397888,"average score":5.714285714285714,"reward":-10,"step":0,"_step":455,"_wandb":{"runtime":5},"_runtime":5.1485364}