{"step":0,"_step":455,"_timestamp":1.741253209604186e+09,"_runtime":7.279761,"best score":10,"score":10,"_wandb":{"runtime":7},"loss":0.05025646090507507,"reward":-10,"average score":8.333333333333334}