{"_timestamp":1.7412532925908842e+09,"step":0,"score":0,"_wandb":{"runtime":2},"reward":-10,"average score":5,"_step":109,"loss":0.045809268951416016,"best score":10,"_runtime":2.1419571}