{"reward":-10,"_runtime":3.4936369,"step":0,"best score":10,"score":10,"_wandb":{"runtime":3},"average score":10,"_timestamp":1.741254955045526e+09,"loss":0.057869136333465576,"_step":455}