{"_runtime":9.2249789,"loss":0.016766337677836418,"_step":455,"step":0,"average score":10,"_wandb":{"runtime":9},"reward":-10,"score":10,"_timestamp":1.7412523164149997e+09,"best score":10}