{"score":10,"_timestamp":1.7412540474760728e+09,"_step":361,"reward":-10,"_wandb":{"runtime":4},"loss":0.06141959875822067,"step":0,"_runtime":4.8739896,"best score":10,"average score":10}