{"loss":0.02331949584186077,"reward":-10,"_timestamp":1.7412539150436833e+09,"_runtime":4.5629404000000005,"_step":361,"average score":10,"score":10,"best score":10,"_wandb":{"runtime":4},"step":0}