{"loss":2.248452663421631,"reward":-10,"_timestamp":1.7412549126787486e+09,"best score":10,"average score":0,"_step":109,"step":0,"_wandb":{"runtime":1},"score":0,"_runtime":1.3150341}