{"step":0,"score":10,"average score":10,"reward":-10,"_runtime":4.2003159,"_step":361,"_wandb":{"runtime":4},"_timestamp":1.74125239178073e+09,"best score":10,"loss":0.08967949450016022}