{"_step":109,"_timestamp":1.7412553332969365e+09,"loss":0.10666342824697495,"step":0,"score":0,"best score":10,"_wandb":{"runtime":1},"average score":1.25,"reward":-10,"_runtime":1.751056}