{"best score":10,"loss":0.11026644706726074,"_wandb":{"runtime":4},"_runtime":4.8152294,"step":0,"score":10,"reward":-10,"_timestamp":1.741254386341884e+09,"average score":6.666666666666667,"_step":361}