{"score":0,"_wandb":{"runtime":2},"loss":2.9306933879852295,"reward":-10,"_timestamp":1.7412566007833507e+09,"_runtime":2.2447865,"_step":109,"step":0,"best score":10,"average score":0}