{"_step":109,"_runtime":1.7460788,"_wandb":{"runtime":1},"reward":-10,"best score":10,"average score":7.142857142857143,"loss":0.928745687007904,"_timestamp":1.7412533920218914e+09,"step":0,"score":0}