{"_wandb":{"runtime":2},"loss":0.03718047961592674,"step":0,"best score":10,"_step":109,"_runtime":2.1082487,"reward":-10,"_timestamp":1.7412532161227753e+09,"score":0,"average score":6.25}