{"average score":0,"_step":109,"best score":10,"_wandb":{"runtime":2},"_timestamp":1.7412557171431231e+09,"loss":0.07622826099395752,"step":0,"_runtime":2.5529330999999997,"reward":-10,"score":0}