{"average score":0,"loss":0.5659686326980591,"best score":10,"_step":109,"score":0,"reward":-10,"_runtime":2.7550439,"_wandb":{"runtime":2},"_timestamp":1.7412566258440056e+09,"step":0}