{"_runtime":2.2545096,"_timestamp":1.7412545463895526e+09,"score":0,"step":0,"average score":6.666666666666667,"_wandb":{"runtime":2},"_step":109,"reward":-10,"loss":4.825041770935059,"best score":10}