{"step":0,"_wandb":{"runtime":3},"best score":10,"reward":-10,"average score":5,"_timestamp":1.7412551782134829e+09,"_runtime":3.1329268,"loss":0.08519340306520462,"_step":361,"score":10}