{"loss":0.15459752082824707,"average score":0,"step":0,"_step":109,"best score":10,"_wandb":{"runtime":1},"_timestamp":1.741255238371473e+09,"_runtime":1.2428152,"reward":-10,"score":0}