{"step":0,"reward":-10,"average score":0,"score":0,"_runtime":2.120944,"loss":0.1101643443107605,"best score":10,"_step":109,"_wandb":{"runtime":2},"_timestamp":1.741256972962377e+09}