{"loss":2.0699334144592285,"_wandb":{"runtime":1},"_runtime":1.5026656,"step":0,"average score":0,"_timestamp":1.7412543721106906e+09,"_step":109,"score":0,"best score":10,"reward":-10}