{"_timestamp":1.7412541397221086e+09,"best score":10,"average score":0,"score":0,"_step":109,"reward":-10,"_runtime":1.6206545,"loss":0.14806431531906128,"_wandb":{"runtime":1},"step":0}