{"loss":0.556241512298584,"best score":10,"_wandb":{"runtime":2},"_step":109,"reward":-10,"step":0,"_timestamp":1.7412560184783711e+09,"average score":0,"score":0,"_runtime":2.2470459}