{"best score":10,"score":0,"reward":-10,"step":0,"average score":0,"_timestamp":1.7412563074408586e+09,"_runtime":2.4151424,"_wandb":{"runtime":2},"_step":109,"loss":0.125038281083107}