{"best score":10,"loss":0.029770199209451675,"_wandb":{"runtime":5},"reward":-10,"_step":470,"_runtime":5.9799326,"average score":10,"_timestamp":1.7412542092755735e+09,"step":0,"score":10}