{"_wandb":{"runtime":1},"loss":1.5667754411697388,"step":0,"score":0,"average score":3.3333333333333335,"reward":-10,"best score":10,"_runtime":1.6681397,"_timestamp":1.7412542623960347e+09,"_step":109}