{"average score":6.666666666666667,"step":0,"_timestamp":1.7412550691061823e+09,"reward":-10,"score":0,"best score":10,"loss":3.691376209259033,"_wandb":{"runtime":1},"_runtime":1.1145335,"_step":109}