{"_step":109,"loss":2.757519483566284,"_wandb":{"runtime":1},"_runtime":1.9277308,"score":0,"average score":0,"best score":10,"_timestamp":1.7412564997916389e+09,"reward":-10,"step":0}