{"_wandb":{"runtime":2},"_timestamp":1.7412566459928315e+09,"reward":-10,"_runtime":2.6678886,"score":0,"loss":0.49002039432525635,"step":0,"average score":0,"best score":10,"_step":109}