{"average score":7.777777777777778,"reward":-10,"_timestamp":1.7412532779093966e+09,"_runtime":8.1032043,"_wandb":{"runtime":8},"_step":455,"loss":0.09581200033426285,"score":10,"step":0,"best score":10}