{"_step":465,"reward":-10,"loss":0.903721034526825,"best score":10,"_runtime":3.6971472,"score":10,"_wandb":{"runtime":3},"_timestamp":1.7412547903530092e+09,"step":0,"average score":10}