{"score":0,"_step":109,"step":0,"best score":10,"_runtime":2.718796,"average score":0,"loss":2.1890432834625244,"_wandb":{"runtime":2},"_timestamp":1.7412556731432374e+09,"reward":-10}