{"_timestamp":1.7412525645374155e+09,"loss":0.15001355111598969,"_runtime":1.8812378,"best score":10,"reward":-10,"_step":109,"score":0,"average score":6.666666666666667,"_wandb":{"runtime":1},"step":0}