{"_runtime":1.7020151000000001,"loss":1.5303807258605957,"_step":109,"reward":-10,"best score":10,"_wandb":{"runtime":1},"step":0,"score":0,"average score":8,"_timestamp":1.7412538174553893e+09}