{"_timestamp":1.741254920610765e+09,"_runtime":3.081697,"_step":361,"score":10,"_wandb":{"runtime":3},"step":0,"best score":10,"loss":0.02576373890042305,"reward":-10,"average score":5}