{"average score":1.25,"best score":10,"_runtime":2.1702953,"_step":109,"step":0,"_wandb":{"runtime":2},"_timestamp":1.7412552915609403e+09,"reward":-10,"score":0,"loss":0.1306147277355194}