{"step":0,"best score":10,"_timestamp":1.7412565972123034e+09,"average score":0,"_step":109,"_wandb":{"runtime":2},"score":0,"reward":-10,"_runtime":2.453595,"loss":0.38287004828453064}