{"loss":0.021154971793293953,"score":0,"reward":-10,"_step":109,"step":0,"_wandb":{"runtime":2},"_timestamp":1.7412546580234053e+09,"_runtime":2.1493897,"best score":10,"average score":0}