{"step":0,"_wandb":{"runtime":2},"_runtime":2.4510721,"reward":-10,"average score":0,"_timestamp":1.741256701726149e+09,"score":0,"best score":10,"_step":109,"loss":1.071045160293579}