{"step":0,"score":10,"best score":10,"average score":4.444444444444445,"_step":470,"_timestamp":1.7412541700388544e+09,"_runtime":5.4846455,"reward":-10,"loss":0.03442327678203583,"_wandb":{"runtime":5}}