{"best score":10,"_runtime":4.3221768,"score":10,"average score":0,"step":0,"_timestamp":1.7412530913406718e+09,"_step":361,"_wandb":{"runtime":4},"reward":-10,"loss":0.05157576501369476}