{"reward":-10,"step":0,"average score":5.555555555555555,"loss":0.17656120657920837,"_runtime":5.1146188,"score":10,"_wandb":{"runtime":5},"_step":361,"_timestamp":1.7412553905751567e+09,"best score":10}