{"score":10,"_timestamp":1.74125496832865e+09,"_runtime":3.5606272,"_step":462,"reward":-10,"average score":6,"step":0,"loss":1.87240731716156,"_wandb":{"runtime":3},"best score":10}