{"step":0,"average score":10,"_wandb":{"runtime":5},"reward":-10,"_runtime":5.462225,"_step":361,"score":10,"_timestamp":1.7412524513192997e+09,"loss":0.10322654992341995,"best score":10}