{"best score":10,"average score":4.285714285714286,"_runtime":2.2203313,"score":0,"_step":109,"_timestamp":1.7412526696372824e+09,"_wandb":{"runtime":2},"loss":1.6014572381973267,"reward":-10,"step":0}