{"_timestamp":1.7412549249294586e+09,"best score":10,"_wandb":{"runtime":1},"average score":3.3333333333333335,"_runtime":1.7678427,"_step":109,"reward":-10,"step":0,"score":0,"loss":0.9245222210884094}