{"_step":455,"reward":-10,"score":10,"step":0,"best score":10,"_wandb":{"runtime":8},"_runtime":8.1935285,"loss":0.24819424748420715,"_timestamp":1.7412562270781825e+09,"average score":7.777777777777778}