{"score":0,"_runtime":1.4299369,"best score":10,"step":0,"reward":-10,"_timestamp":1.741254835389569e+09,"average score":2.857142857142857,"_step":109,"loss":0.3056338429450989,"_wandb":{"runtime":1}}