{"step":0,"_wandb":{"runtime":2},"score":0,"reward":-10,"_runtime":2.0998116,"_step":109,"best score":10,"loss":4.546125888824463,"average score":0,"_timestamp":1.7412557906812584e+09}