{"_wandb":{"runtime":2},"score":0,"reward":-10,"best score":10,"_timestamp":1.7412559744530187e+09,"step":0,"_step":109,"_runtime":2.2843119,"loss":2.2858407497406006,"average score":2.5}