{"reward":-10,"_step":109,"step":0,"best score":10,"loss":0.022539392113685608,"average score":5.714285714285714,"_wandb":{"runtime":1},"_runtime":1.6435007000000001,"_timestamp":1.7412543609239626e+09,"score":0}