{"_wandb":{"runtime":3},"average score":0,"_runtime":3.2398956,"_step":109,"reward":-10,"score":0,"loss":0.04302522912621498,"step":0,"best score":10,"_timestamp":1.7412523214067037e+09}