{"reward":-10,"score":0,"average score":2.5,"_runtime":2.0232846,"_step":109,"_timestamp":1.7412558601409676e+09,"best score":10,"loss":1.5212311744689941,"step":0,"_wandb":{"runtime":2}}