{"score":0,"_runtime":2.212645,"_step":109,"average score":0,"step":0,"reward":-10,"best score":10,"_timestamp":1.741256493096695e+09,"loss":2.6318464279174805,"_wandb":{"runtime":2}}