{"_runtime":1.7059387,"_step":109,"loss":0.06592635810375214,"best score":10,"average score":6,"step":0,"score":0,"_timestamp":1.7412553718438654e+09,"reward":-10,"_wandb":{"runtime":1}}