{"step":0,"_timestamp":1.7412559359972875e+09,"score":10,"reward":-10,"best score":10,"_wandb":{"runtime":7},"_step":361,"_runtime":7.3686676,"average score":1.6666666666666667,"loss":0.1465807408094406}