{"loss":2.216456174850464,"_runtime":3.2648788,"average score":2.2222222222222223,"score":0,"_timestamp":1.7412554363906658e+09,"best score":10,"_step":109,"reward":-10,"step":0,"_wandb":{"runtime":3}}