{"_runtime":2.3810873,"_timestamp":1.7412558765107882e+09,"step":0,"_wandb":{"runtime":2},"reward":-10,"loss":0.20606185495853424,"_step":109,"score":0,"average score":0,"best score":10}