{"_step":361,"loss":1.4900511503219604,"_wandb":{"runtime":5},"reward":-10,"_runtime":5.0656441,"_timestamp":1.741252284820604e+09,"best score":10,"average score":10,"step":0,"score":10}