{"_timestamp":1.7412548929233131e+09,"step":0,"average score":2.5,"score":0,"best score":10,"_wandb":{"runtime":1},"_runtime":1.0449401,"_step":109,"reward":-10,"loss":2.055969476699829}