{"_timestamp":1.7412541634593153e+09,"step":0,"score":0,"best score":10,"_wandb":{"runtime":1},"reward":-10,"_step":109,"loss":0.02063865400850773,"average score":3.75,"_runtime":1.4087032}