{"best score":10,"step":0,"score":0,"average score":5,"reward":-10,"_timestamp":1.7412549710700386e+09,"_runtime":1.338775,"_step":109,"loss":0.07152213901281357,"_wandb":{"runtime":1}}