{"score":0,"_timestamp":1.7412562177575598e+09,"_step":109,"loss":0.38179612159729004,"average score":7.5,"_wandb":{"runtime":2},"step":0,"best score":10,"_runtime":2.3546246,"reward":-10}