{"step":0,"reward":-10,"_step":109,"score":0,"loss":0.15922518074512482,"_runtime":1.9881688,"_timestamp":1.7412566911597548e+09,"average score":0,"_wandb":{"runtime":1},"best score":10}