{"_runtime":3.1772458,"loss":0.049122605472803116,"score":10,"_wandb":{"runtime":3},"_step":361,"best score":10,"average score":4.285714285714286,"_timestamp":1.741254904759089e+09,"reward":-10,"step":0}