{"_step":456,"_wandb":{"runtime":5},"_runtime":5.3720498,"average score":8.75,"step":0,"best score":10,"reward":-10,"_timestamp":1.741254226490543e+09,"loss":0.5168635249137878,"score":10}