{"reward":-10,"average score":0,"_step":109,"_timestamp":1.741256536874628e+09,"_runtime":2.4776882000000002,"_wandb":{"runtime":2},"best score":10,"step":0,"score":0,"loss":2.0141921043395996}