{"average score":7.5,"_step":361,"best score":10,"score":10,"reward":-10,"step":0,"_wandb":{"runtime":5},"loss":1.2695096731185913,"_timestamp":1.7412532686602352e+09,"_runtime":5.5733383}