{"loss":0.2369980365037918,"score":0,"_wandb":{"runtime":2},"_timestamp":1.7412556890795898e+09,"average score":2.5,"best score":10,"_runtime":2.0315614,"_step":109,"step":0,"reward":-10}