{"step":0,"best score":10,"loss":0.10989004373550415,"_wandb":{"runtime":1},"_timestamp":1.7412551290027575e+09,"_step":109,"reward":-10,"score":0,"average score":0,"_runtime":1.3050686}