{"step":0,"loss":0.0554569810628891,"_timestamp":1.7412541451098416e+09,"reward":-10,"_runtime":4.3015305999999995,"score":10,"_wandb":{"runtime":4},"_step":361,"best score":10,"average score":3.3333333333333335}