{"score":0,"_step":109,"step":0,"best score":10,"_timestamp":1.741253395607609e+09,"_wandb":{"runtime":1},"_runtime":1.489965,"loss":1.0087854862213135,"average score":6.25,"reward":-10}