{"loss":0.16221004724502563,"reward":-10,"_timestamp":1.741256041103863e+09,"best score":10,"_runtime":2.1062753,"step":0,"score":0,"average score":0,"_wandb":{"runtime":2},"_step":109}