{"score":10,"average score":6.666666666666667,"_runtime":2.6953251,"_wandb":{"runtime":2},"step":0,"_timestamp":1.741255032811019e+09,"loss":0.25856640934944153,"reward":-10,"best score":10,"_step":361}