{"_step":109,"average score":2,"_runtime":1.9094107,"score":0,"reward":-10,"_wandb":{"runtime":1},"loss":0.8473014831542969,"best score":10,"_timestamp":1.7412560612886264e+09,"step":0}