{"average score":5,"step":0,"_runtime":5.5772517,"score":10,"_step":455,"reward":-10,"_wandb":{"runtime":5},"_timestamp":1.7412543371840897e+09,"loss":1.7029554843902588,"best score":10}