{"average score":0,"_step":109,"score":0,"_timestamp":1.741255233172985e+09,"loss":0.057645849883556366,"_runtime":1.1632419999999999,"best score":10,"_wandb":{"runtime":1},"reward":-10,"step":0}