{"_runtime":5.3850776,"step":0,"_wandb":{"runtime":5},"average score":10,"_timestamp":1.741254201858391e+09,"_step":469,"best score":10,"reward":-10,"score":10,"loss":0.03339635580778122}