{"_runtime":2.0860772,"loss":3.571455717086792,"step":0,"_wandb":{"runtime":2},"best score":10,"average score":0,"reward":-10,"_timestamp":1.741256440225051e+09,"score":0,"_step":109}