{"_step":455,"best score":10,"step":0,"average score":8.88888888888889,"_wandb":{"runtime":5},"reward":-10,"loss":0.028078272938728333,"score":10,"_runtime":5.7423306,"_timestamp":1.7412523823308465e+09}