{"score":10,"_runtime":4.1586128,"step":0,"reward":-10,"loss":0.30644625425338745,"average score":10,"_wandb":{"runtime":4},"best score":10,"_timestamp":1.7412552051251197e+09,"_step":455}