{"_timestamp":1.7412561860084105e+09,"_wandb":{"runtime":6},"score":10,"_step":361,"best score":10,"average score":10,"_runtime":6.2933553,"reward":-10,"loss":0.12054695934057236,"step":0}