{"_runtime":5.2458531,"_wandb":{"runtime":5},"score":10,"step":0,"reward":-10,"_timestamp":1.7412525435498672e+09,"_step":361,"best score":10,"average score":8,"loss":0.033552274107933044}