{"score":0,"_runtime":1.2046713,"_step":109,"_wandb":{"runtime":1},"reward":-10,"loss":0.5325040221214294,"_timestamp":1.7412549464611092e+09,"average score":3.3333333333333335,"step":0,"best score":10}