{"step":0,"score":0,"average score":0,"loss":2.1211888790130615,"reward":-10,"best score":10,"_runtime":2.404533,"_step":109,"_wandb":{"runtime":2},"_timestamp":1.741255661545595e+09}