{"step":0,"_timestamp":1.7412556921973436e+09,"loss":0.17999158799648285,"_wandb":{"runtime":2},"score":0,"_runtime":2.0243965,"reward":-10,"_step":109,"best score":10,"average score":2}