{"_step":17,"reward":-0.06588235294117648,"_timestamp":1.7412569917457337e+09,"_wandb":{"runtime":2},"_runtime":0.8693024}