{"_timestamp":1.7412551608439236e+09,"score":10,"loss":0.08678683638572693,"_runtime":3.3016365,"best score":10,"average score":10,"step":0,"_wandb":{"runtime":3},"reward":-10,"_step":455}