{"_step":361,"best score":10,"loss":0.02666688710451126,"step":0,"average score":8.333333333333334,"reward":-10,"_timestamp":1.7412533892040021e+09,"_wandb":{"runtime":4},"_runtime":4.2828751,"score":10}