{"score":10,"best score":10,"reward":-10,"_timestamp":1.741256087077475e+09,"_runtime":6.8898621,"_wandb":{"runtime":6},"average score":5,"step":0,"_step":361,"loss":0.11180279403924942}