{"_wandb":{"runtime":5},"_runtime":5.8613328,"loss":1.6260374784469604,"_step":455,"average score":3.75,"best score":10,"score":10,"_timestamp":1.7412545866385686e+09,"step":0,"reward":-10}