{"step":0,"reward":-10,"_step":109,"_timestamp":1.741254453218501e+09,"score":0,"loss":0.1269371211528778,"average score":5.555555555555555,"_wandb":{"runtime":1},"best score":10,"_runtime":1.5008891}