{"_runtime":6.7007657,"_step":455,"reward":-10,"loss":0.07670994848012924,"score":10,"best score":10,"_wandb":{"runtime":6},"average score":10,"_timestamp":1.7412553571062188e+09,"step":0}