{"loss":0.08463187515735626,"_runtime":10.1162518,"_step":455,"step":0,"_wandb":{"runtime":10},"score":10,"best score":10,"_timestamp":1.7412546200373447e+09,"average score":5,"reward":-10}