{"average score":10,"_runtime":6.7811082,"_wandb":{"runtime":6},"_step":361,"step":0,"score":10,"reward":-10,"_timestamp":1.741256170808326e+09,"best score":10,"loss":0.5544449687004089}