{"step":0,"_runtime":1.7072387999999998,"_timestamp":1.7412534493220677e+09,"score":0,"best score":10,"average score":5.714285714285714,"loss":0.04356462135910988,"reward":-10,"_step":109,"_wandb":{"runtime":1}}