{"average score":10,"_runtime":3.0004732,"best score":10,"_step":361,"_timestamp":1.741254719363641e+09,"reward":-10,"step":0,"_wandb":{"runtime":3},"score":10,"loss":0.09065354615449905}