{"_step":361,"reward":-10,"_timestamp":1.7412541556798134e+09,"_wandb":{"runtime":4},"_runtime":4.3781193,"best score":10,"loss":1.5602781772613525,"step":0,"average score":6,"score":10}