{"average score":6.666666666666667,"_timestamp":1.7412546545257697e+09,"best score":10,"reward":-10,"score":10,"_step":361,"loss":0.3257252275943756,"step":0,"_runtime":6.1636914,"_wandb":{"runtime":6}}