{"best score":10,"loss":0.21635651588439941,"_timestamp":1.7412563167314126e+09,"_runtime":8.1479975,"_wandb":{"runtime":8},"reward":-10,"score":10,"average score":10,"_step":455,"step":0}