{"score":0,"best score":10,"average score":1.6666666666666667,"_runtime":1.2244019,"_wandb":{"runtime":1},"_step":109,"reward":-10,"_timestamp":1.7412552830712147e+09,"loss":3.6066088676452637,"step":0}