{"best score":10,"average score":0,"reward":-10,"score":0,"loss":0.19827929139137268,"step":0,"_wandb":{"runtime":1},"_timestamp":1.7412547437299871e+09,"_step":109,"_runtime":1.1181652}