{"average score":7.777777777777778,"best score":10,"_wandb":{"runtime":3},"loss":0.012988705188035965,"score":10,"_timestamp":1.7412537837063286e+09,"_runtime":3.8631546,"step":0,"_step":361,"reward":-10}