{"_runtime":4.7647784,"loss":0.35466161370277405,"reward":-10,"_timestamp":1.7412542468950055e+09,"_step":361,"step":0,"best score":10,"average score":5,"_wandb":{"runtime":4},"score":10}