{"step":0,"_wandb":{"runtime":4},"reward":-10,"_timestamp":1.7412538743603687e+09,"_runtime":4.2451337,"_step":361,"score":10,"best score":10,"loss":0.04164503142237663,"average score":10}