{"reward":-10,"_wandb":{"runtime":1},"average score":0,"_timestamp":1.7412533404694097e+09,"step":0,"score":0,"best score":10,"_runtime":1.6957365,"loss":0.1784931719303131,"_step":109}