{"reward":-10,"_timestamp":1.7412557544782324e+09,"loss":0.15599612891674042,"score":0,"step":0,"_wandb":{"runtime":2},"average score":0,"_runtime":2.0304714,"_step":109,"best score":10}