{"score":0,"_step":109,"loss":0.10171690583229065,"step":0,"best score":10,"_wandb":{"runtime":1},"_timestamp":1.7412541230417087e+09,"reward":-10,"_runtime":1.6991148,"average score":3.75}