{"score":0,"_step":109,"reward":-10,"best score":10,"_runtime":1.4043179000000001,"average score":5,"loss":0.15851017832756042,"_timestamp":1.7412550354113493e+09,"step":0,"_wandb":{"runtime":1}}