{"_timestamp":1.7412531895742402e+09,"loss":0.05197177082300186,"step":0,"average score":10,"score":10,"_wandb":{"runtime":6},"reward":-10,"_runtime":6.6427876999999995,"best score":10,"_step":361}