{"step":0,"best score":10,"loss":2.778496265411377,"score":10,"reward":-10,"_timestamp":1.7412561266728466e+09,"_runtime":7.044792,"_wandb":{"runtime":7},"_step":361,"average score":10}