{"_timestamp":1.7412561085716503e+09,"score":10,"_wandb":{"runtime":8},"_runtime":8.6644941,"loss":3.8767409324645996,"step":0,"best score":10,"average score":10,"reward":-10,"_step":455}