{"loss":0.1736561506986618,"_wandb":{"runtime":2},"_runtime":2.4313677,"score":0,"step":0,"_timestamp":1.7412568625813384e+09,"reward":-10,"best score":10,"_step":109,"average score":2.857142857142857}