{"step":0,"score":0,"_runtime":2.4824224,"_wandb":{"runtime":2},"reward":-10,"loss":1.2074687480926514,"_timestamp":1.741256005223487e+09,"best score":10,"average score":0,"_step":109}