{"average score":0,"reward":-10,"_step":109,"loss":0.05473696440458298,"best score":10,"_wandb":{"runtime":1},"_timestamp":1.7412544561215537e+09,"score":0,"step":0,"_runtime":1.8714656}