{"reward":-10,"loss":0.022060489282011986,"best score":10,"step":0,"score":0,"average score":0,"_runtime":1.4176135,"_timestamp":1.7412543305592067e+09,"_wandb":{"runtime":1},"_step":109}