{"step":0,"_runtime":5.2174831,"reward":-10,"_timestamp":1.7412545312385972e+09,"average score":10,"_wandb":{"runtime":5},"loss":0.09234169870615005,"score":10,"best score":10,"_step":455}