{"_wandb":{"runtime":4},"loss":0.03774036467075348,"step":0,"_runtime":4.1425922,"best score":10,"_step":361,"_timestamp":1.7412530322061017e+09,"average score":8.88888888888889,"score":10,"reward":-10}