{"best score":10,"_timestamp":1.741253013625549e+09,"_runtime":6.42115,"_wandb":{"runtime":6},"loss":0.033981986343860626,"step":0,"score":10,"reward":-10,"average score":8.333333333333334,"_step":463}