{"best score":10,"_wandb":{"runtime":2},"_step":109,"loss":0.8062551617622375,"_timestamp":1.741255948057493e+09,"score":0,"step":0,"reward":-10,"average score":1.1111111111111112,"_runtime":2.7945092000000002}