{"_wandb":{"runtime":1},"_runtime":1.9438194,"_step":109,"score":0,"best score":10,"_timestamp":1.7412565027926526e+09,"step":0,"average score":0,"loss":1.1760249137878418,"reward":-10}