{"_wandb":{"runtime":2},"_runtime":2.2918315,"_step":109,"score":0,"step":0,"reward":-10,"average score":0,"best score":10,"_timestamp":1.7412554513462186e+09,"loss":1.562193512916565}