{"step":0,"reward":-10,"best score":10,"_timestamp":1.741252980832779e+09,"score":10,"loss":0.017245352268218994,"_runtime":5.353008,"_step":361,"average score":10,"_wandb":{"runtime":5}}