{"_runtime":5.4946839,"score":10,"_step":361,"_timestamp":1.7412524358497367e+09,"_wandb":{"runtime":5},"average score":6.666666666666667,"loss":0.033088430762290955,"best score":10,"reward":-10,"step":0}