{"step":0,"average score":0,"reward":-10,"_timestamp":1.7412552359946964e+09,"_wandb":{"runtime":1},"best score":10,"score":0,"_runtime":1.7541028,"_step":109,"loss":0.2919791042804718}