{"best score":10,"reward":-10,"_wandb":{"runtime":7},"step":0,"score":10,"average score":8,"_timestamp":1.7412530058390899e+09,"_step":455,"loss":0.05022411793470383,"_runtime":7.912693}