{"reward":-10,"_timestamp":1.7412525751774557e+09,"_step":109,"_runtime":1.8209327,"score":0,"step":0,"average score":0,"_wandb":{"runtime":1},"loss":0.09974416345357895,"best score":10}