{"_wandb":{"runtime":1},"_runtime":1.3372442,"average score":3.3333333333333335,"score":0,"_step":109,"best score":10,"loss":0.5481235384941101,"step":0,"_timestamp":1.7412552144646902e+09,"reward":-10}