{"_wandb":{"runtime":2},"_step":109,"_timestamp":1.7412556030585015e+09,"_runtime":2.2688524,"score":0,"loss":0.095490962266922,"average score":2,"step":0,"reward":-10,"best score":10}