{"_step":455,"_wandb":{"runtime":3},"score":10,"best score":10,"loss":0.30746617913246155,"step":0,"average score":3.3333333333333335,"_runtime":3.5472153,"reward":-10,"_timestamp":1.7412551090340824e+09}