{"_timestamp":1.7412554795446684e+09,"average score":1.25,"score":0,"_step":109,"_wandb":{"runtime":1},"reward":-10,"step":0,"best score":10,"_runtime":1.9186203,"loss":0.1271367371082306}