{"_wandb":{"runtime":1},"_step":109,"_timestamp":1.741255136341425e+09,"_runtime":1.6523638,"average score":0,"step":0,"reward":-10,"loss":0.2719680964946747,"best score":10,"score":0}