{"step":0,"average score":3.3333333333333335,"best score":10,"_step":109,"loss":3.3752048015594482,"_runtime":1.6262545,"score":0,"reward":-10,"_timestamp":1.7412542501674821e+09,"_wandb":{"runtime":1}}