{"_step":455,"loss":3.2273073196411133,"score":10,"best score":10,"average score":5,"reward":-10,"_timestamp":1.7412548598410428e+09,"_runtime":3.5991787,"step":0,"_wandb":{"runtime":3}}