{"loss":1.3756318092346191,"average score":0,"_step":109,"_timestamp":1.741256587028065e+09,"step":0,"score":0,"best score":10,"reward":-10,"_wandb":{"runtime":2},"_runtime":2.3999651}