{"loss":0.38019344210624695,"_timestamp":1.7412554996616213e+09,"best score":10,"score":0,"reward":-10,"_step":109,"step":0,"_runtime":1.9025803,"average score":0,"_wandb":{"runtime":1}}