{"_step":109,"reward":-10,"step":0,"average score":6,"_wandb":{"runtime":1},"loss":0.12079863250255585,"score":0,"_runtime":1.5146123999999999,"best score":10,"_timestamp":1.7412540603617485e+09}