{"reward":-10,"_step":361,"step":0,"_timestamp":1.7412526586066253e+09,"loss":0.15856686234474182,"score":10,"best score":10,"average score":4,"_wandb":{"runtime":5},"_runtime":5.2313232}