{"_runtime":1.8384066,"score":0,"_timestamp":1.7412537466760566e+09,"step":0,"reward":-10,"_step":109,"loss":1.6035833358764648,"best score":10,"_wandb":{"runtime":1},"average score":3.3333333333333335}