{"reward":-10,"score":0,"best score":10,"average score":0,"_step":109,"loss":3.986027240753174,"_runtime":5.9301948,"_timestamp":1.7412554584929068e+09,"step":0,"_wandb":{"runtime":5}}