{"average score":2.5,"loss":1.5338166952133179,"best score":10,"_runtime":8.3773418,"_step":455,"score":10,"_wandb":{"runtime":8},"step":0,"reward":-10,"_timestamp":1.7412564749360006e+09}