{"average score":0,"step":0,"score":0,"loss":1.193854570388794,"best score":10,"_timestamp":1.7412557481938076e+09,"_step":109,"_runtime":2.4812855,"_wandb":{"runtime":2},"reward":-10}