{"step":0,"_runtime":1.3858819,"reward":-10,"score":0,"_timestamp":1.7412552731085744e+09,"loss":0.35256797075271606,"best score":10,"_wandb":{"runtime":1},"_step":109,"average score":0}