{"loss":0.15506553649902344,"reward":-10,"_wandb":{"runtime":5},"_step":455,"score":10,"average score":10,"_timestamp":1.741253104273823e+09,"_runtime":5.6566514,"step":0,"best score":10}