{"score":0,"_runtime":2.250361,"step":0,"_wandb":{"runtime":2},"_step":109,"average score":0,"loss":0.23264409601688385,"best score":10,"reward":-10,"_timestamp":1.741256533357197e+09}