{"loss":0.5036293864250183,"_runtime":4.2125146,"_wandb":{"runtime":4},"_timestamp":1.7412543526699846e+09,"_step":361,"average score":6,"score":10,"reward":-10,"step":0,"best score":10}