{"_timestamp":1.7412550797413223e+09,"_step":455,"loss":1.7899725437164307,"step":0,"reward":-10,"_wandb":{"runtime":3},"_runtime":3.2696478,"best score":10,"average score":6.666666666666667,"score":10}