{"_timestamp":1.7412544881561978e+09,"step":0,"average score":3.75,"_wandb":{"runtime":1},"best score":10,"score":0,"_runtime":1.4970861,"loss":0.06159102916717529,"_step":109,"reward":-10}