{"best score":10,"step":0,"reward":-10,"average score":7.5,"_timestamp":1.7412529965096264e+09,"_step":361,"score":10,"_runtime":4.9006773,"_wandb":{"runtime":4},"loss":1.5635838508605957}