{"_step":109,"best score":10,"reward":-10,"_timestamp":1.7412556659884408e+09,"_runtime":2.9426096,"loss":0.20565135776996613,"score":0,"average score":0,"step":0,"_wandb":{"runtime":2}}