{"average score":10,"loss":0.05570802837610245,"_wandb":{"runtime":5},"_step":361,"_timestamp":1.7412532886612964e+09,"_runtime":5.404157,"best score":10,"reward":-10,"score":10,"step":0}