{"_wandb":{"runtime":2},"_timestamp":1.7412558057816813e+09,"score":0,"reward":-10,"_runtime":2.9128666,"loss":0.10125409066677094,"best score":10,"average score":0,"_step":109,"step":0}