{"loss":0.7862348556518555,"best score":10,"_runtime":5.0290754,"reward":-10,"_step":455,"average score":4.444444444444445,"step":0,"_wandb":{"runtime":5},"score":10,"_timestamp":1.7412544942096043e+09}