{"_runtime":3.5336648999999998,"_timestamp":1.741255223773395e+09,"score":10,"step":0,"loss":0.9564072489738464,"best score":10,"_wandb":{"runtime":3},"_step":455,"reward":-10,"average score":3.75}