{"_step":361,"loss":2.023578643798828,"reward":-10,"_timestamp":1.7412550220520263e+09,"average score":0,"step":0,"_runtime":3.1040072,"_wandb":{"runtime":3},"score":10,"best score":10}