{"score":0,"loss":3.1706531047821045,"_timestamp":1.741254473162577e+09,"_runtime":1.6528099,"step":0,"best score":10,"_wandb":{"runtime":1},"_step":109,"average score":2,"reward":-10}