{"_runtime":1.4051513,"_wandb":{"runtime":1},"score":0,"loss":4.153712749481201,"_timestamp":1.7412548153801072e+09,"_step":109,"reward":-10,"step":0,"best score":10,"average score":0}