{"_timestamp":1.741256583578859e+09,"_runtime":2.203497,"_wandb":{"runtime":2},"score":0,"best score":10,"average score":0,"_step":109,"reward":-10,"step":0,"loss":0.8285132646560669}