{"_wandb":{"runtime":1},"average score":3.3333333333333335,"_runtime":1.4511977,"step":0,"best score":10,"reward":-10,"_step":109,"loss":0.13266965746879578,"_timestamp":1.7412541015379028e+09,"score":0}