{"step":0,"score":0,"_timestamp":1.741255302331484e+09,"_wandb":{"runtime":1},"_runtime":1.8960565,"reward":-10,"loss":0.12695877254009247,"average score":0,"_step":109,"best score":10}