{"_runtime":1.1262201,"_step":109,"loss":1.9827766418457031,"_timestamp":1.7412550495807323e+09,"average score":5,"_wandb":{"runtime":1},"score":0,"reward":-10,"best score":10,"step":0}