{"average score":10,"_runtime":6.9731985,"reward":-10,"_step":361,"loss":0.015839893370866776,"_timestamp":1.7412523300701644e+09,"step":0,"best score":10,"score":10,"_wandb":{"runtime":6}}