{"_wandb":{"runtime":3},"_timestamp":1.74125525028079e+09,"_runtime":3.6465978999999997,"step":0,"average score":3.3333333333333335,"score":10,"best score":10,"_step":455,"reward":-10,"loss":0.80137699842453}