{"score":0,"reward":-10,"_timestamp":1.7412566526623766e+09,"_runtime":2.2544289,"_step":109,"loss":0.48752909898757935,"step":0,"best score":10,"_wandb":{"runtime":2},"average score":0}