{"_timestamp":1.7412560987609947e+09,"score":0,"reward":-10,"best score":10,"step":0,"_step":109,"average score":0,"_wandb":{"runtime":2},"loss":0.8697340488433838,"_runtime":2.3995621}