{"average score":0,"best score":10,"score":0,"_timestamp":1.7412560254528053e+09,"_runtime":2.6916503,"_step":109,"loss":2.370725154876709,"reward":-10,"step":0,"_wandb":{"runtime":2}}