{"_step":455,"score":10,"step":0,"best score":10,"_timestamp":1.7412545247829096e+09,"_wandb":{"runtime":5},"loss":0.04960545524954796,"average score":10,"reward":-10,"_runtime":5.304318}