{"_timestamp":1.7412568467132208e+09,"_runtime":8.767494899999999,"_wandb":{"runtime":8},"_step":455,"step":0,"best score":10,"average score":2.5,"loss":0.17042672634124756,"reward":-10,"score":10}