{"average score":5,"_runtime":1.5714346,"_wandb":{"runtime":1},"reward":-10,"_step":109,"_timestamp":1.7412543891947525e+09,"score":0,"best score":10,"loss":0.07816305011510849,"step":0}