{"best score":10,"loss":0.19736728072166443,"score":0,"_wandb":{"runtime":2},"_step":109,"_timestamp":1.7412558828718638e+09,"average score":0,"_runtime":2.1540933,"reward":-10,"step":0}