{"reward":-10,"_timestamp":1.7412526109845178e+09,"step":0,"score":10,"_step":361,"average score":5.714285714285714,"_runtime":5.6578504,"loss":0.02854885905981064,"_wandb":{"runtime":5},"best score":10}