{"loss":0.17692695558071136,"_wandb":{"runtime":1},"reward":-10,"step":0,"_step":109,"_runtime":1.0815099,"average score":5,"_timestamp":1.741254957662991e+09,"score":0,"best score":10}