{"score":0,"_runtime":1.8917317,"best score":10,"loss":0.7717699408531189,"_wandb":{"runtime":1},"average score":0,"reward":-10,"_step":109,"step":0,"_timestamp":1.7412544644777148e+09}