{"score":0,"_runtime":1.5997946,"best score":10,"average score":0,"_wandb":{"runtime":1},"_timestamp":1.7412545998037014e+09,"_step":109,"step":0,"loss":0.6731204986572266,"reward":-10}