{"step":0,"_timestamp":1.7412557872108376e+09,"_runtime":3.5169938,"_step":109,"loss":0.705543041229248,"score":0,"_wandb":{"runtime":3},"average score":0,"best score":10,"reward":-10}