{"step":0,"average score":0,"_wandb":{"runtime":2},"_timestamp":1.7412564967929125e+09,"_step":109,"reward":-10,"best score":10,"score":0,"loss":2.366330146789551,"_runtime":2.5619925}