{"_step":109,"average score":4.285714285714286,"loss":0.03010394610464573,"best score":10,"_wandb":{"runtime":1},"step":0,"_runtime":1.8310157,"reward":-10,"_timestamp":1.741255377825006e+09,"score":0}