{"_runtime":1.0320744,"best score":10,"_timestamp":1.7412548374547312e+09,"loss":0.07588192820549011,"_wandb":{"runtime":1},"step":0,"score":0,"average score":2.5,"reward":-10,"_step":109}