{"loss":0.41106608510017395,"average score":3.3333333333333335,"reward":-10,"_timestamp":1.741255970961721e+09,"_runtime":2.5071243,"_wandb":{"runtime":2},"step":0,"_step":109,"score":0,"best score":10}