{"_wandb":{"runtime":5},"reward":-10,"average score":4,"_step":455,"loss":0.04036536440253258,"_runtime":5.018629,"_timestamp":1.7412541104194725e+09,"step":0,"score":10,"best score":10}