{"_step":361,"loss":0.3066205680370331,"reward":-10,"_timestamp":1.7412546903884416e+09,"score":10,"_runtime":5.9807343,"_wandb":{"runtime":5},"step":0,"best score":10,"average score":2.857142857142857}