{"score":10,"_wandb":{"runtime":6},"_runtime":6.3935548,"best score":10,"reward":-10,"_step":455,"step":0,"loss":0.05078870430588722,"average score":6.666666666666667,"_timestamp":1.7412532236390088e+09}