{"step":0,"_timestamp":1.7412523417332027e+09,"average score":6.666666666666667,"best score":10,"_runtime":1.4831788000000001,"loss":0.04642500355839729,"score":0,"_wandb":{"runtime":1},"reward":-10,"_step":109}