{"reward":-10,"_runtime":1.3335973,"average score":0,"score":0,"best score":10,"_wandb":{"runtime":1},"_timestamp":1.7412550246422265e+09,"loss":0.10216477513313293,"_step":109,"step":0}