{"_timestamp":1.7412553840112824e+09,"loss":0.05077698826789856,"step":0,"_wandb":{"runtime":5},"_step":361,"average score":5,"_runtime":5.0537359,"best score":10,"reward":-10,"score":10}