{"_timestamp":1.7412567648800085e+09,"_runtime":2.4006197,"_wandb":{"runtime":2},"step":0,"average score":0,"_step":109,"score":0,"reward":-10,"loss":6.007866382598877,"best score":10}