{"_wandb":{"runtime":2},"_step":109,"best score":10,"_timestamp":1.7412563359805663e+09,"step":0,"score":0,"average score":4,"_runtime":2.5391223,"loss":0.05957784503698349,"reward":-10}