{"reward":-10,"_timestamp":1.7412548974264567e+09,"best score":10,"loss":1.89449143409729,"step":0,"_runtime":3.4479235,"_step":361,"average score":4,"score":10,"_wandb":{"runtime":3}}