{"_wandb":{"runtime":2},"best score":10,"_step":109,"score":0,"_timestamp":1.7412555475563338e+09,"step":0,"_runtime":2.0954858,"average score":0,"reward":-10,"loss":2.189556837081909}