{"_step":455,"_runtime":5.4604723,"loss":0.12176096439361572,"step":0,"average score":8.571428571428571,"score":10,"best score":10,"_wandb":{"runtime":5},"_timestamp":1.7412538297992961e+09,"reward":-10}