{"score":0,"average score":0,"_step":109,"step":0,"reward":-10,"_wandb":{"runtime":2},"best score":10,"_timestamp":1.7412564227129335e+09,"_runtime":2.2839258,"loss":0.17805218696594238}