{"average score":7.5,"reward":-10,"best score":10,"_wandb":{"runtime":6},"score":10,"step":0,"loss":0.8579902052879333,"_timestamp":1.7412553688071945e+09,"_runtime":6.3854053,"_step":455}