{"average score":0,"best score":10,"_wandb":{"runtime":2},"_timestamp":1.7412569813304627e+09,"loss":0.1908417046070099,"_runtime":2.4422121,"_step":109,"step":0,"score":0,"reward":-10}