{"step":0,"average score":2,"loss":4.8322529792785645,"reward":-10,"_timestamp":1.7412546788586748e+09,"_runtime":1.5831227,"_step":109,"_wandb":{"runtime":1},"score":0,"best score":10}