{"step":0,"best score":10,"_runtime":9.563276,"loss":0.26995131373405457,"_step":455,"average score":10,"reward":-10,"_wandb":{"runtime":9},"_timestamp":1.7412559629022036e+09,"score":10}