{"_runtime":1.1804104,"best score":10,"score":0,"_wandb":{"runtime":1},"loss":0.14900194108486176,"_step":109,"step":0,"average score":3.3333333333333335,"reward":-10,"_timestamp":1.7412550098556025e+09}