{"reward":-10,"loss":0.1999775469303131,"_wandb":{"runtime":2},"step":0,"best score":10,"score":0,"average score":1.1111111111111112,"_runtime":2.151731,"_timestamp":1.74125674097794e+09,"_step":109}