{"reward":-10,"_timestamp":1.7412567344610116e+09,"loss":0.19761860370635986,"best score":10,"_step":109,"_runtime":2.4497077,"step":0,"score":0,"_wandb":{"runtime":2},"average score":1.4285714285714286}