{"_timestamp":1.741255005389121e+09,"_wandb":{"runtime":1},"step":0,"_step":109,"average score":5,"_runtime":1.415421,"reward":-10,"score":0,"best score":10,"loss":0.23249243199825287}