{"average score":5,"step":0,"_timestamp":1.7412541172873569e+09,"reward":-10,"score":10,"best score":10,"_wandb":{"runtime":5},"_step":462,"loss":0.07153195887804031,"_runtime":5.7109404}