{"score":0,"average score":0,"_runtime":1.808827,"best score":10,"_wandb":{"runtime":1},"reward":-10,"step":0,"_step":109,"loss":0.07135985791683197,"_timestamp":1.7412538451756053e+09}