{"score":0,"_timestamp":1.741256566720903e+09,"_wandb":{"runtime":2},"_runtime":2.7980167,"step":0,"reward":-10,"loss":0.49330055713653564,"average score":0,"_step":109,"best score":10}