{"_wandb":{"runtime":8},"score":10,"reward":-10,"average score":7.5,"_step":465,"_timestamp":1.7412533739217243e+09,"step":0,"_runtime":8.6119345,"best score":10,"loss":2.654653310775757}