{"average score":3.3333333333333335,"_timestamp":1.7412563556564958e+09,"reward":-10,"loss":0.15525655448436737,"best score":10,"_step":109,"score":0,"_runtime":2.4733047,"step":0,"_wandb":{"runtime":2}}