{"average score":5,"step":0,"_timestamp":1.7412543638417585e+09,"_runtime":1.7284164,"_step":109,"score":0,"_wandb":{"runtime":1},"best score":10,"reward":-10,"loss":1.6006160974502563}