{"best score":10,"average score":0,"reward":-10,"loss":0.18421195447444916,"_timestamp":1.7412560446588163e+09,"score":0,"_wandb":{"runtime":2},"_runtime":2.3477216,"_step":109,"step":0}