{"score":0,"_timestamp":1.7412563963124998e+09,"loss":2.4150185585021973,"_runtime":2.7189035,"step":0,"_wandb":{"runtime":2},"best score":10,"average score":1.1111111111111112,"reward":-10,"_step":109}