{"step":0,"score":0,"_step":109,"average score":6,"_runtime":1.7483034,"loss":0.014763779938220978,"reward":-10,"_wandb":{"runtime":1},"_timestamp":1.7412544363231096e+09,"best score":10}