{"average score":0,"_runtime":2.3212156,"score":0,"best score":10,"_timestamp":1.7412565299973586e+09,"loss":3.7236735820770264,"step":0,"_wandb":{"runtime":2},"_step":109,"reward":-10}