{"loss":0.11227741092443466,"_step":109,"_runtime":1.324241,"reward":-10,"step":0,"score":0,"average score":4.285714285714286,"_wandb":{"runtime":1},"_timestamp":1.7412548695530062e+09,"best score":10}