{"_runtime":2.1107299,"best score":10,"average score":5,"reward":-10,"step":0,"score":0,"_wandb":{"runtime":2},"_step":109,"_timestamp":1.741252644694055e+09,"loss":1.6689256429672241}