{"_step":109,"average score":0,"loss":0.13278764486312866,"score":0,"_runtime":2.2779368,"best score":10,"_wandb":{"runtime":2},"step":0,"_timestamp":1.741256621699306e+09,"reward":-10}