{"_wandb":{"runtime":2},"_runtime":2.5639431,"loss":0.39408084750175476,"best score":10,"average score":0,"_step":109,"step":0,"score":0,"reward":-10,"_timestamp":1.741255816845807e+09}