{"score":0,"step":0,"reward":-10,"average score":3.3333333333333335,"best score":10,"_wandb":{"runtime":2},"_step":109,"_runtime":2.3268472,"loss":0.07122813910245895,"_timestamp":1.7412568915984156e+09}