{"loss":4.320424556732178,"best score":10,"average score":6.666666666666667,"_wandb":{"runtime":2},"reward":-10,"_timestamp":1.7412525471059513e+09,"step":0,"_runtime":2.0112662,"_step":109,"score":0}