{"_runtime":2.828601,"_wandb":{"runtime":2},"score":0,"reward":-10,"step":0,"loss":0.030465252697467804,"best score":10,"average score":6,"_timestamp":1.7412524107765102e+09,"_step":109}