{"step":0,"best score":10,"reward":-10,"score":0,"_runtime":2.2604281999999998,"_wandb":{"runtime":2},"loss":0.12035547196865082,"average score":0,"_step":109,"_timestamp":1.7412566493469026e+09}