{"_runtime":6.0769353,"best score":10,"_timestamp":1.7412546978064764e+09,"_step":455,"average score":3.75,"_wandb":{"runtime":6},"score":10,"reward":-10,"loss":0.360718309879303,"step":0}