{"best score":10,"step":0,"reward":-10,"loss":0.15412545204162598,"average score":0,"_wandb":{"runtime":2},"_runtime":2.4226287,"_step":109,"score":0,"_timestamp":1.741256775094404e+09}