{"score":10,"_wandb":{"runtime":5},"loss":0.1998629868030548,"_step":456,"reward":-10,"average score":3.3333333333333335,"_timestamp":1.7412544795668373e+09,"_runtime":5.3282603,"step":0,"best score":10}