{"loss":0.011958982795476913,"step":0,"score":10,"_wandb":{"runtime":4},"_timestamp":1.741253778643879e+09,"average score":7.5,"_step":361,"reward":-10,"_runtime":4.320425,"best score":10}