{"loss":0.026662135496735573,"best score":10,"reward":-10,"_step":458,"_wandb":{"runtime":5},"_timestamp":1.7412533233853066e+09,"_runtime":5.2151806,"average score":7.142857142857143,"step":0,"score":10}