{"average score":2.857142857142857,"reward":-10,"_timestamp":1.741254265860112e+09,"loss":0.0876401960849762,"step":0,"score":0,"_wandb":{"runtime":2},"_step":109,"best score":10,"_runtime":2.1293938}