{"score":10,"_runtime":4.583141,"step":0,"_wandb":{"runtime":4},"_timestamp":1.741254397351508e+09,"average score":5,"reward":-10,"best score":10,"loss":1.5839178562164307,"_step":361}