{"_runtime":9.5025113,"_wandb":{"runtime":9},"best score":10,"step":0,"reward":-10,"_timestamp":1.7412554928933144e+09,"average score":0,"_step":456,"loss":1.7091106176376343,"score":10}