{"_timestamp":1.7412564823259838e+09,"_wandb":{"runtime":2},"best score":10,"average score":0,"score":0,"reward":-10,"loss":0.16008451581001282,"_step":109,"step":0,"_runtime":2.3505215}