{"_wandb":{"runtime":1},"loss":0.30931851267814636,"average score":2,"score":0,"best score":10,"_timestamp":1.7412548289399812e+09,"_step":109,"reward":-10,"_runtime":1.0942644,"step":0}