{"average score":4,"step":0,"score":0,"loss":0.03743492811918259,"best score":10,"reward":-10,"_runtime":1.6452224,"_wandb":{"runtime":1},"_timestamp":1.7412542592878067e+09,"_step":109}