{"loss":0.32496973872184753,"_timestamp":1.741254881751688e+09,"_step":455,"score":10,"best score":10,"reward":-10,"average score":0,"_wandb":{"runtime":3},"step":0,"_runtime":3.2371509}