{"_step":455,"_wandb":{"runtime":7},"loss":0.03513709455728531,"reward":-10,"average score":6.666666666666667,"_timestamp":1.7412524192210345e+09,"score":10,"best score":10,"step":0,"_runtime":7.0671575}