{"best score":10,"_wandb":{"runtime":4},"_timestamp":1.7412543582058043e+09,"_runtime":4.4867974,"score":10,"average score":6.666666666666667,"_step":361,"step":0,"reward":-10,"loss":0.23620347678661346}