{"_wandb":{"runtime":5},"score":10,"best score":10,"loss":0.5010067224502563,"_timestamp":1.7412545670470111e+09,"_step":465,"_runtime":5.6132815,"step":0,"average score":2.5,"reward":-10}