{"_step":109,"step":0,"best score":10,"_wandb":{"runtime":2},"loss":0.15035629272460938,"reward":-10,"_timestamp":1.741256809596648e+09,"_runtime":2.043773,"score":0,"average score":1.4285714285714286}