{"_timestamp":1.7412554823443205e+09,"_runtime":1.7995983,"average score":1.1111111111111112,"loss":0.09229987114667892,"_step":109,"step":0,"score":0,"_wandb":{"runtime":1},"best score":10,"reward":-10}