{"_timestamp":1.7412540666599343e+09,"_step":361,"_runtime":4.9142013,"loss":1.483582854270935,"score":10,"_wandb":{"runtime":4},"best score":10,"reward":-10,"step":0,"average score":6.666666666666667}