{"_runtime":5.0449226,"_step":458,"score":10,"average score":7.5,"best score":10,"_wandb":{"runtime":5},"_timestamp":1.7412530796919527e+09,"step":0,"reward":-10,"loss":0.03203192725777626}