{"step":0,"_runtime":3.0786453,"_wandb":{"runtime":3},"_timestamp":1.7412559263083575e+09,"best score":10,"_step":109,"average score":0,"score":0,"reward":-10,"loss":0.1319819837808609}