{"score":0,"average score":3.3333333333333335,"reward":-10,"loss":0.06818931549787521,"step":0,"best score":10,"_wandb":{"runtime":1},"_timestamp":1.7412549099279275e+09,"_runtime":1.4154762,"_step":109}