{"score":0,"average score":0,"loss":1.2302992343902588,"best score":10,"_wandb":{"runtime":1},"_runtime":1.1803466,"reward":-10,"step":0,"_timestamp":1.7412548496328979e+09,"_step":109}