{"_runtime":3.5080634,"_step":109,"score":0,"_timestamp":1.741255447863025e+09,"loss":0.7889233827590942,"best score":10,"average score":0,"step":0,"_wandb":{"runtime":3},"reward":-10}