{"_timestamp":1.7412546689373336e+09,"_runtime":2.0160875,"loss":0.040316857397556305,"_wandb":{"runtime":2},"_step":109,"step":0,"best score":10,"reward":-10,"score":0,"average score":5}