{"loss":0.15272970497608185,"best score":10,"_wandb":{"runtime":2},"_step":109,"score":0,"average score":0,"reward":-10,"_runtime":2.3371351000000002,"_timestamp":1.7412566670967133e+09,"step":0}