{"average score":0,"_step":109,"_timestamp":1.7412564145971575e+09,"loss":1.4013569355010986,"score":0,"reward":-10,"best score":10,"_wandb":{"runtime":2},"_runtime":2.6094729,"step":0}