{"loss":1.7135652303695679,"_wandb":{"runtime":2},"_runtime":2.1580867,"reward":-10,"best score":10,"average score":0,"_timestamp":1.741256021714897e+09,"_step":109,"step":0,"score":0}