{"step":0,"best score":10,"_step":109,"loss":1.2691149711608887,"score":0,"average score":0,"_timestamp":1.741256754490768e+09,"_runtime":2.3219847,"_wandb":{"runtime":2},"reward":-10}