{"_step":109,"loss":0.16451239585876465,"_runtime":2.2016526,"score":0,"reward":-10,"step":0,"_wandb":{"runtime":2},"best score":10,"average score":0,"_timestamp":1.7412566041708622e+09}