{"_step":109,"_timestamp":1.7412566944933221e+09,"loss":0.2473042905330658,"score":0,"reward":-10,"step":0,"average score":0,"_wandb":{"runtime":2},"_runtime":2.2202168,"best score":10}