{"_timestamp":1.7412563589963777e+09,"score":0,"average score":0,"best score":10,"step":0,"_runtime":2.2851412,"_wandb":{"runtime":2},"loss":0.22370468080043793,"_step":109,"reward":-10}