{"_runtime":5.40498,"_wandb":{"runtime":5},"reward":-10,"loss":0.5686638951301575,"step":0,"_timestamp":1.741253347086875e+09,"best score":10,"average score":5,"score":10,"_step":455}