{"score":0,"_timestamp":1.7412530436435661e+09,"reward":-10,"step":0,"best score":10,"average score":0,"_wandb":{"runtime":1},"_runtime":1.6518452,"_step":109,"loss":3.302004337310791}