{"_runtime":1.7524898,"average score":1.6666666666666667,"step":0,"score":0,"_timestamp":1.7412545725214448e+09,"reward":-10,"_step":109,"_wandb":{"runtime":1},"best score":10,"loss":0.4452686011791229}