{"step":0,"score":10,"reward":-10,"_runtime":4.5540518,"average score":10,"loss":0.06848392635583878,"best score":10,"_step":361,"_wandb":{"runtime":4},"_timestamp":1.7412540412549152e+09}