{"best score":10,"_step":109,"step":0,"_wandb":{"runtime":2},"reward":-10,"average score":0,"score":0,"_runtime":2.8131011,"loss":0.8238493204116821,"_timestamp":1.7412564267468593e+09}