{"_timestamp":1.7412530208781867e+09,"score":10,"average score":8.571428571428571,"reward":-10,"_wandb":{"runtime":5},"_step":455,"loss":0.07908987253904343,"step":0,"best score":10,"_runtime":5.5110217}