{"score":0,"reward":-10,"best score":10,"average score":0,"_runtime":2.4115534,"_timestamp":1.7412558865469463e+09,"_wandb":{"runtime":2},"step":0,"_step":109,"loss":0.32850056886672974}