{"reward":-10,"_step":109,"loss":1.5031225681304932,"best score":10,"_runtime":2.4171659,"average score":1.1111111111111112,"_timestamp":1.7412569220267775e+09,"step":0,"score":0,"_wandb":{"runtime":2}}