{"step":0,"_runtime":5.361938,"_step":455,"loss":1.554914116859436,"score":10,"average score":10,"reward":-10,"_wandb":{"runtime":5},"_timestamp":1.7412538690562046e+09,"best score":10}