{"reward":-10,"_runtime":1.6363425999999999,"best score":10,"_step":109,"_timestamp":1.7412539424166162e+09,"loss":1.6133962869644165,"step":0,"score":0,"average score":8.571428571428571,"_wandb":{"runtime":1}}