{"reward":-10,"_runtime":2.4932269,"_wandb":{"runtime":2},"loss":0.4956916570663452,"average score":0,"_step":109,"step":0,"score":0,"_timestamp":1.741255911040577e+09,"best score":10}