{"step":0,"_wandb":{"runtime":8},"_step":455,"_runtime":8.7444855,"average score":8,"_timestamp":1.7412561407491443e+09,"loss":0.08713799715042114,"reward":-10,"score":10,"best score":10}