{"score":10,"step":0,"best score":10,"average score":0,"_step":455,"reward":-10,"loss":2.2410695552825928,"_timestamp":1.741254280721916e+09,"_wandb":{"runtime":5},"_runtime":5.3338199}