{"_runtime":1.1486955,"reward":-10,"_timestamp":1.7412552098663893e+09,"step":0,"score":0,"_step":109,"_wandb":{"runtime":1},"average score":5,"loss":0.09037888050079346,"best score":10}