{"average score":3.3333333333333335,"_step":109,"_wandb":{"runtime":1},"reward":-10,"_timestamp":1.741254274139507e+09,"best score":10,"step":0,"score":0,"_runtime":1.643504,"loss":0.39091798663139343}