{"reward":-10,"average score":10,"step":0,"_timestamp":1.7412550947249138e+09,"best score":10,"score":10,"_runtime":2.9851898,"_step":361,"loss":0.032547760754823685,"_wandb":{"runtime":2}}