{"_step":361,"loss":0.34499725699424744,"reward":-10,"best score":10,"step":0,"score":10,"_runtime":3.1462861,"_timestamp":1.741255047263647e+09,"average score":5.714285714285714,"_wandb":{"runtime":3}}