{"reward":-10,"_runtime":2.5071725000000002,"_wandb":{"runtime":2},"step":0,"best score":10,"score":0,"_timestamp":1.74125640715928e+09,"average score":0,"_step":109,"loss":0.16096143424510956}