{"_timestamp":1.7412531227694714e+09,"step":0,"_wandb":{"runtime":4},"_step":361,"loss":0.07609149813652039,"score":10,"average score":10,"reward":-10,"_runtime":4.7585846,"best score":10}