{"reward":-10,"_runtime":1.124059,"_wandb":{"runtime":1},"loss":1.720938801765442,"_timestamp":1.7412552120607638e+09,"score":0,"best score":10,"average score":4,"step":0,"_step":109}