{"_runtime":4.1438765,"reward":-10,"_wandb":{"runtime":4},"score":10,"_step":361,"loss":0.05457403510808945,"_timestamp":1.7412537894195359e+09,"best score":10,"average score":0,"step":0}