{"_wandb":{"runtime":3},"_step":361,"_runtime":3.9848255999999997,"score":10,"step":0,"best score":10,"loss":0.061141423881053925,"reward":-10,"_timestamp":1.7412532619692495e+09,"average score":7.142857142857143}