{"_runtime":2.8350036,"_step":109,"score":0,"best score":10,"average score":5,"_timestamp":1.7412525222422285e+09,"step":0,"loss":0.02590727061033249,"_wandb":{"runtime":2},"reward":-10}