{"best score":10,"average score":6.666666666666667,"_timestamp":1.7412552076419842e+09,"step":0,"_runtime":1.2988983,"score":0,"_wandb":{"runtime":1},"reward":-10,"_step":109,"loss":0.15993745625019073}