{"_runtime":3.7011274,"average score":8,"_wandb":{"runtime":3},"score":10,"_step":361,"reward":-10,"_timestamp":1.7412532534110353e+09,"step":0,"best score":10,"loss":1.5372552871704102}