{"step":0,"score":0,"best score":10,"_step":109,"_timestamp":1.7412555190409791e+09,"loss":0.08413319289684296,"average score":2,"_runtime":2.7025256,"reward":-10,"_wandb":{"runtime":2}}