{"best score":10,"average score":3.3333333333333335,"_runtime":3.9625571,"loss":0.05714694410562515,"_wandb":{"runtime":3},"reward":-10,"score":10,"step":0,"_timestamp":1.7412547726957712e+09,"_step":361}