{"_timestamp":1.7412541369282165e+09,"loss":0.02321901172399521,"average score":0,"_runtime":1.7249156,"_wandb":{"runtime":1},"score":0,"_step":109,"reward":-10,"step":0,"best score":10}