{"loss":0.027939878404140472,"_timestamp":1.7412538015270135e+09,"average score":10,"_step":361,"best score":10,"reward":-10,"_runtime":3.972496,"step":0,"_wandb":{"runtime":3},"score":10}