{"reward":-10,"_runtime":4.5486795,"step":0,"_timestamp":1.7412530494066525e+09,"_step":455,"_wandb":{"runtime":4},"score":10,"average score":3.3333333333333335,"loss":0.0644008219242096,"best score":10}