{"score":10,"best score":10,"average score":10,"reward":-10,"_wandb":{"runtime":5},"_step":455,"loss":1.5165269374847412,"_timestamp":1.7412539394548156e+09,"step":0,"_runtime":5.34848}