{"loss":0.17181912064552307,"reward":-10,"average score":1.25,"_wandb":{"runtime":2},"score":0,"_runtime":2.5663099000000003,"_step":109,"best score":10,"step":0,"_timestamp":1.7412565153871088e+09}