{"loss":0.1653963178396225,"average score":0,"step":0,"_runtime":2.2331478,"reward":-10,"best score":10,"score":0,"_timestamp":1.7412564301298378e+09,"_step":109,"_wandb":{"runtime":2}}