{"_runtime":1.0647057,"best score":10,"score":0,"_wandb":{"runtime":1},"average score":0,"_step":109,"reward":-10,"loss":7.32546854019165,"_timestamp":1.7412547414554548e+09,"step":0}