{"reward":-10,"step":0,"_step":361,"score":10,"best score":10,"_runtime":6.4570201,"loss":0.30019962787628174,"_timestamp":1.7412562347257433e+09,"average score":0,"_wandb":{"runtime":6}}