{"best score":10,"step":0,"_wandb":{"runtime":2},"score":0,"_timestamp":1.74125577171474e+09,"_runtime":2.0529139,"loss":0.8334819674491882,"_step":109,"average score":0,"reward":-10}