{"_timestamp":1.7412549891336334e+09,"reward":-10,"step":0,"best score":10,"score":10,"_step":470,"loss":3.401970148086548,"_wandb":{"runtime":3},"_runtime":3.6386775,"average score":0}