{"loss":0.9035162925720215,"step":0,"best score":10,"reward":-10,"_step":109,"_runtime":2.1079328999999998,"average score":2,"_wandb":{"runtime":2},"_timestamp":1.7412559777983603e+09,"score":0}