{"step":0,"reward":-10,"loss":0.0849410891532898,"average score":0,"_timestamp":1.7412547530850568e+09,"_runtime":1.0344305,"_step":109,"_wandb":{"runtime":1},"best score":10,"score":0}