{"_wandb":{"runtime":1},"loss":0.17620044946670532,"average score":3.3333333333333335,"reward":-10,"score":0,"_timestamp":1.7412550994550085e+09,"best score":10,"_runtime":1.3069375,"_step":109,"step":0}