{"average score":4.285714285714286,"score":0,"_wandb":{"runtime":1},"_runtime":1.4883026,"reward":-10,"_timestamp":1.7412544000077136e+09,"best score":10,"_step":109,"loss":0.036365993320941925,"step":0}