{"average score":0,"step":0,"_runtime":4.490563,"reward":-10,"_wandb":{"runtime":4},"_timestamp":1.7412540891351793e+09,"loss":0.13633696734905243,"_step":361,"score":10,"best score":10}