{"_runtime":5.7645144,"_timestamp":1.7412539087789445e+09,"average score":10,"_step":456,"loss":1.192914366722107,"reward":-10,"best score":10,"_wandb":{"runtime":5},"step":0,"score":10}