{"step":0,"_step":109,"best score":10,"_wandb":{"runtime":2},"reward":-10,"_timestamp":1.741255903368721e+09,"_runtime":2.3291532,"score":0,"average score":1.1111111111111112,"loss":0.26514366269111633}