{"average score":4.444444444444445,"reward":-10,"best score":10,"_step":361,"score":10,"_runtime":2.804246,"loss":0.1210905909538269,"step":0,"_wandb":{"runtime":2},"_timestamp":1.7412547023105888e+09}