{"reward":-10,"average score":0,"_step":109,"_wandb":{"runtime":1},"_timestamp":1.741256642261472e+09,"_runtime":1.9548259,"best score":10,"loss":0.33788180351257324,"step":0,"score":0}