{"_step":455,"best score":10,"_runtime":6.1536233,"loss":2.1855146884918213,"score":10,"step":0,"average score":4.444444444444445,"_wandb":{"runtime":6},"reward":-10,"_timestamp":1.7412544103679082e+09}