{"loss":0.06204982101917267,"best score":10,"reward":-10,"_timestamp":1.741254375177989e+09,"_step":109,"step":0,"average score":0,"score":0,"_runtime":2.0146241,"_wandb":{"runtime":2}}