{"loss":0.06679900735616684,"reward":-10,"_runtime":1.856084,"_step":109,"average score":0,"step":0,"best score":10,"_wandb":{"runtime":1},"_timestamp":1.741254597144615e+09,"score":0}