{"loss":3.8613803386688232,"step":0,"_wandb":{"runtime":2},"score":0,"_timestamp":1.7412567715460668e+09,"reward":-10,"_runtime":2.1774296,"_step":109,"average score":0,"best score":10}