{"average score":5,"_wandb":{"runtime":1},"best score":10,"_timestamp":1.7412548669619882e+09,"step":0,"_step":109,"_runtime":1.207357,"score":0,"loss":1.4410077333450317,"reward":-10}