{"_step":109,"best score":10,"score":0,"reward":-10,"_runtime":1.5142274,"_wandb":{"runtime":1},"average score":0,"_timestamp":1.7412548441428452e+09,"loss":0.058883268386125565,"step":0}