{"loss":1.8715417385101318,"step":0,"_step":109,"reward":-10,"_wandb":{"runtime":2},"average score":1.1111111111111112,"_timestamp":1.7412560379479418e+09,"_runtime":2.2183398,"score":0,"best score":10}