{"reward":-10,"_wandb":{"runtime":4},"best score":10,"average score":3.3333333333333335,"_step":470,"_runtime":4.0695591,"_timestamp":1.7412548548537786e+09,"score":10,"step":0,"loss":0.08038444817066193}