{"_timestamp":1.741256369795389e+09,"loss":4.7168869972229,"_runtime":2.0732305,"score":0,"reward":-10,"step":0,"best score":10,"_wandb":{"runtime":2},"_step":109,"average score":0}