{"loss":0.0726783499121666,"best score":10,"_timestamp":1.74125247325399e+09,"reward":-10,"_step":455,"_wandb":{"runtime":6},"average score":10,"_runtime":6.592478,"score":10,"step":0}