{"average score":10,"_step":455,"step":0,"reward":-10,"_timestamp":1.7412539274756513e+09,"score":10,"_wandb":{"runtime":5},"_runtime":5.5166124,"loss":3.564195156097412,"best score":10}