{"step":0,"average score":0,"score":0,"best score":10,"_runtime":2.4471458999999998,"loss":2.5784263610839844,"_timestamp":1.7412557133030307e+09,"_step":109,"_wandb":{"runtime":2},"reward":-10}