{"_step":109,"average score":0,"step":0,"score":0,"_wandb":{"runtime":1},"reward":-10,"best score":10,"_timestamp":1.7412551388248215e+09,"_runtime":1.2500855,"loss":5.7755022048950195}