{"best score":10,"loss":3.859827756881714,"_step":455,"_runtime":5.5833028,"score":10,"reward":-10,"_timestamp":1.7412541300767e+09,"step":0,"average score":4.444444444444445,"_wandb":{"runtime":5}}