{"_runtime":3.696243,"step":0,"reward":-10,"average score":10,"loss":0.4802241027355194,"score":10,"_wandb":{"runtime":3},"_step":455,"best score":10,"_timestamp":1.7412547096911209e+09}