{"step":0,"best score":10,"_timestamp":1.7412566147662652e+09,"_step":109,"loss":3.4595656394958496,"score":0,"reward":-10,"_runtime":2.5903511999999997,"_wandb":{"runtime":2},"average score":0}