{"_wandb":{"runtime":1},"_step":109,"reward":-10,"_runtime":1.3260721,"score":0,"step":0,"loss":0.28848809003829956,"best score":10,"average score":0,"_timestamp":1.741254846783235e+09}