{"score":10,"_runtime":3.5689830000000002,"_wandb":{"runtime":3},"loss":1.61324143409729,"_timestamp":1.741255056595586e+09,"_step":361,"step":0,"reward":-10,"best score":10,"average score":0}