{"_wandb":{"runtime":2},"loss":0.3714219033718109,"reward":-10,"best score":10,"average score":0,"_timestamp":1.7412560151577494e+09,"score":0,"_runtime":2.2769504,"step":0,"_step":109}