{"loss":1.6922768354415894,"step":0,"best score":10,"_wandb":{"runtime":4},"reward":-10,"average score":6.666666666666667,"_step":361,"score":10,"_timestamp":1.7412534611371996e+09,"_runtime":4.2310525}