{"step":0,"best score":10,"average score":0,"_runtime":2.9645153,"_step":109,"_wandb":{"runtime":2},"_timestamp":1.7412566748851407e+09,"reward":-10,"score":0,"loss":2.42935848236084}