{"loss":1.0832761526107788,"step":0,"_step":455,"average score":10,"_timestamp":1.7412542928298542e+09,"score":10,"reward":-10,"best score":10,"_runtime":5.121475,"_wandb":{"runtime":5}}