{"average score":5,"loss":0.27301639318466187,"reward":-10,"_wandb":{"runtime":3},"score":10,"_runtime":3.6827758,"best score":10,"_step":455,"_timestamp":1.7412549309626262e+09,"step":0}