{"step":0,"loss":1.0511970520019531,"best score":10,"_timestamp":1.7412526202858036e+09,"score":10,"_runtime":7.986341,"_wandb":{"runtime":7},"_step":361,"average score":6.25,"reward":-10}