{"loss":1.7693101167678833,"best score":10,"average score":10,"_wandb":{"runtime":4},"reward":-10,"_timestamp":1.7412541822901504e+09,"_step":361,"_runtime":4.43846,"step":0,"score":10}