{"_step":455,"_wandb":{"runtime":5},"step":0,"average score":8.75,"_runtime":5.9612969,"loss":0.022637587040662766,"_timestamp":1.741252375436519e+09,"score":10,"best score":10,"reward":-10}