{"_wandb":{"runtime":2},"best score":10,"_timestamp":1.7412561477887132e+09,"average score":5.714285714285714,"reward":-10,"step":0,"_step":109,"_runtime":2.2597233,"loss":0.1908709555864334,"score":0}