{"average score":10,"score":10,"_wandb":{"runtime":3},"_runtime":3.0901962,"loss":0.07530120760202408,"best score":10,"reward":-10,"_step":361,"step":0,"_timestamp":1.7412551997430441e+09}