{"reward":-10,"_step":109,"score":0,"best score":10,"step":0,"_runtime":2.5187534,"loss":0.7866911292076111,"average score":2,"_wandb":{"runtime":2},"_timestamp":1.7412567272124486e+09}