{"_timestamp":1.741256011439205e+09,"best score":10,"_wandb":{"runtime":2},"_step":109,"step":0,"score":0,"reward":-10,"average score":0,"loss":0.8105856776237488,"_runtime":2.0764288}