{"reward":-10,"_timestamp":1.741256812824065e+09,"_runtime":2.1429975,"average score":1.25,"_step":109,"loss":3.142810583114624,"_wandb":{"runtime":2},"score":0,"step":0,"best score":10}