{"average score":2.5,"step":0,"_runtime":2.1977928,"best score":10,"_timestamp":1.7412567990121226e+09,"_wandb":{"runtime":2},"_step":109,"loss":0.17591087520122528,"score":0,"reward":-10}