{"_timestamp":1.7412567198089113e+09,"score":0,"loss":2.500197172164917,"best score":10,"_wandb":{"runtime":2},"step":0,"_step":109,"reward":-10,"average score":3.3333333333333335,"_runtime":2.7643185}