{"_timestamp":1.7412525966369596e+09,"best score":10,"step":0,"_wandb":{"runtime":5},"loss":0.13081328570842743,"average score":4,"_step":361,"_runtime":5.1446485,"reward":-10,"score":10}