{"score":0,"step":0,"_step":109,"_timestamp":1.7412543190269318e+09,"_runtime":1.7275912,"loss":0.07095814496278763,"_wandb":{"runtime":1},"average score":6.25,"reward":-10,"best score":10}