{"loss":1.5780749320983887,"reward":-10,"average score":7.5,"_timestamp":1.7412524943702106e+09,"step":0,"best score":10,"_runtime":5.2170971,"score":10,"_wandb":{"runtime":5},"_step":361}