{"_runtime":4.2669531,"score":10,"average score":8.333333333333334,"reward":-10,"step":0,"best score":10,"_wandb":{"runtime":4},"loss":0.013569507747888565,"_timestamp":1.741253823037528e+09,"_step":361}