{"_timestamp":1.7412555681122086e+09,"_runtime":9.3520406,"best score":10,"average score":1.4285714285714286,"_step":455,"reward":-10,"loss":0.36719003319740295,"_wandb":{"runtime":9},"step":0,"score":10}