{"average score":7.777777777777778,"_wandb":{"runtime":7},"_step":455,"score":10,"best score":10,"loss":0.5404703617095947,"_runtime":7.9487238,"reward":-10,"step":0,"_timestamp":1.7412563037469053e+09}