{"average score":7.142857142857143,"best score":10,"_wandb":{"runtime":1},"step":0,"score":0,"_runtime":1.9058893000000001,"_step":109,"loss":0.05373275279998779,"_timestamp":1.7412524880581653e+09,"reward":-10}