{"_timestamp":1.7412554250288634e+09,"reward":-10,"_step":109,"loss":0.3298099637031555,"best score":10,"average score":3.3333333333333335,"_wandb":{"runtime":2},"_runtime":2.143977,"score":0,"step":0}