{"best score":10,"_step":109,"average score":5,"_wandb":{"runtime":1},"loss":0.36956554651260376,"step":0,"_runtime":1.2814265,"_timestamp":1.7412547277612555e+09,"reward":-10,"score":0}