{"average score":5,"best score":10,"reward":-10,"_step":455,"score":10,"_timestamp":1.7412549978374178e+09,"step":0,"_runtime":4.3283267,"loss":1.977318525314331,"_wandb":{"runtime":4}}