{"_wandb":{"runtime":3},"score":10,"reward":-10,"_step":455,"_runtime":3.5946139,"best score":10,"average score":10,"step":0,"_timestamp":1.7412547840641196e+09,"loss":0.1495887190103531}