{"best score":10,"step":0,"score":0,"_timestamp":1.7412543161416183e+09,"_wandb":{"runtime":2},"average score":7.142857142857143,"reward":-10,"_runtime":2.0284481,"_step":109,"loss":0.10588505119085312}