{"reward":-10,"average score":1.6666666666666667,"step":0,"_step":109,"_timestamp":1.7412555230807083e+09,"loss":0.11587346345186234,"score":0,"best score":10,"_wandb":{"runtime":2},"_runtime":2.5377443}