{"_step":109,"step":0,"_wandb":{"runtime":1},"_runtime":1.0740462,"score":0,"best score":10,"reward":-10,"_timestamp":1.741255101698486e+09,"average score":2.5,"loss":0.2646561563014984}