{"_runtime":1.4242719,"_wandb":{"runtime":1},"reward":-10,"loss":1.0635466575622559,"best score":10,"_timestamp":1.7412552455428846e+09,"average score":2,"_step":109,"score":0,"step":0}