{"_wandb":{"runtime":1},"best score":10,"reward":-10,"_timestamp":1.7412550970163624e+09,"score":0,"average score":5,"_step":109,"step":0,"loss":0.23553340137004852,"_runtime":1.1385986}