{"step":0,"_step":455,"score":10,"_runtime":5.3358168,"average score":8.75,"reward":-10,"_timestamp":1.741254020322012e+09,"loss":0.9107409715652466,"best score":10,"_wandb":{"runtime":5}}