{"score":0,"_timestamp":1.7412555377963614e+09,"_wandb":{"runtime":2},"reward":-10,"best score":10,"loss":1.5996910333633423,"average score":0,"_runtime":2.4895885,"_step":109,"step":0}