{"_wandb":{"runtime":1},"best score":10,"score":0,"_timestamp":1.7412549374882996e+09,"step":0,"_runtime":1.2351035,"_step":109,"loss":0.35757893323898315,"average score":3.3333333333333335,"reward":-10}