{"average score":0,"reward":-10,"loss":1.0496333837509155,"_timestamp":1.7412567613584604e+09,"best score":10,"_runtime":2.3589577999999998,"_wandb":{"runtime":2},"score":0,"_step":109,"step":0}