{"average score":1.6666666666666667,"_wandb":{"runtime":2},"_step":109,"score":0,"best score":10,"_timestamp":1.7412558472267473e+09,"_runtime":2.8566829,"loss":0.8630031943321228,"step":0,"reward":-10}