{"score":0,"_step":109,"average score":0,"_wandb":{"runtime":2},"_timestamp":1.7412563623416095e+09,"loss":0.28149423003196716,"best score":10,"step":0,"reward":-10,"_runtime":2.2225132}