{"_wandb":{"runtime":3},"reward":-10,"best score":10,"average score":0,"_timestamp":1.7412547789614582e+09,"_runtime":3.5365911,"loss":0.015327178873121738,"score":10,"_step":455,"step":0}