{"_timestamp":1.7412524223709052e+09,"loss":0.027531055733561516,"reward":-10,"step":0,"average score":5.714285714285714,"_wandb":{"runtime":1},"best score":10,"_runtime":1.9431202,"_step":109,"score":0}