{"_wandb":{"runtime":2},"best score":10,"reward":-10,"_timestamp":1.7412559439565089e+09,"step":0,"average score":1.25,"_step":109,"_runtime":2.638562,"score":0,"loss":0.24891313910484314}