{"best score":10,"_runtime":3.4426061,"average score":0,"loss":1.0647344589233398,"step":0,"_step":455,"reward":-10,"score":10,"_timestamp":1.741255230905524e+09,"_wandb":{"runtime":3}}