{"_wandb":{"runtime":6},"loss":0.10985077917575836,"_step":455,"average score":8.333333333333334,"_timestamp":1.7412523615473547e+09,"reward":-10,"best score":10,"_runtime":6.1211336,"step":0,"score":10}