{"score":10,"step":0,"best score":10,"reward":-10,"_timestamp":1.741253808298673e+09,"_runtime":5.5925529,"_step":455,"_wandb":{"runtime":5},"loss":1.5700398683547974,"average score":10}