{"_step":361,"reward":-10,"_timestamp":1.7412544413065245e+09,"score":10,"average score":6.666666666666667,"loss":0.28255903720855713,"best score":10,"_runtime":3.9377563,"_wandb":{"runtime":3},"step":0}