{"_runtime":1.698878,"best score":10,"average score":0,"_step":109,"step":0,"_wandb":{"runtime":1},"_timestamp":1.7412549921576564e+09,"loss":2.5877203941345215,"reward":-10,"score":0}