{"_runtime":2.7432559,"loss":0.08474895358085632,"_step":109,"step":0,"score":0,"_wandb":{"runtime":2},"_timestamp":1.7412565557283134e+09,"reward":-10,"best score":10,"average score":1.25}