{"step":0,"_step":109,"_timestamp":1.7412532569522128e+09,"score":0,"average score":6.666666666666667,"best score":10,"loss":0.20767764747142792,"_wandb":{"runtime":1},"_runtime":1.4976237000000001,"reward":-10}