{"reward":-10,"_timestamp":1.7412549502352452e+09,"loss":0.11463223397731781,"_runtime":2.6977332,"average score":0,"_wandb":{"runtime":2},"step":0,"best score":10,"_step":361,"score":10}