{"score":10,"average score":7.5,"_step":361,"step":0,"_wandb":{"runtime":4},"_timestamp":1.7412532481194053e+09,"_runtime":4.2519304,"loss":0.06051473319530487,"reward":-10,"best score":10}