{"step":0,"score":10,"best score":10,"_step":361,"_wandb":{"runtime":8},"loss":2.5148682594299316,"_timestamp":1.7412556253519163e+09,"average score":3.75,"_runtime":8.0260367,"reward":-10}