{"score":10,"average score":7.777777777777778,"_wandb":{"runtime":8},"reward":-10,"best score":10,"_runtime":8.8458565,"loss":1.9672648906707764,"_step":470,"_timestamp":1.7412531557573478e+09,"step":0}