{"_wandb":{"runtime":2},"reward":-10,"_timestamp":1.74125555072578e+09,"best score":10,"_runtime":2.0997478,"loss":0.18021783232688904,"_step":109,"score":0,"average score":0,"step":0}