{"_timestamp":1.7412558427609372e+09,"loss":0.0451248362660408,"_step":109,"score":0,"average score":2,"_runtime":2.4697971,"step":0,"best score":10,"_wandb":{"runtime":2},"reward":-10}