{"step":0,"average score":0,"_timestamp":1.741255782426235e+09,"best score":10,"loss":4.942890167236328,"score":0,"_wandb":{"runtime":2},"reward":-10,"_runtime":2.2207414,"_step":109}