{"loss":0.016982274129986763,"score":10,"average score":7.777777777777778,"_runtime":6.0250729,"_timestamp":1.7412525020759728e+09,"reward":-10,"step":0,"_wandb":{"runtime":6},"best score":10,"_step":361}