{"score":0,"reward":-10,"average score":0,"_step":109,"best score":10,"_runtime":2.046394,"step":0,"_wandb":{"runtime":2},"_timestamp":1.741255869957833e+09,"loss":0.10953277349472046}