{"reward":-10,"score":0,"_wandb":{"runtime":2},"_runtime":2.8340478,"average score":0,"_timestamp":1.7412563662230885e+09,"_step":109,"loss":0.1464913785457611,"step":0,"best score":10}