{"step":0,"_wandb":{"runtime":2},"_runtime":2.7795797,"reward":-10,"_step":109,"loss":0.41385406255722046,"average score":1.4285714285714286,"_timestamp":1.7412555271436148e+09,"score":0,"best score":10}