{"loss":0.13903683423995972,"score":0,"_step":109,"step":0,"average score":0,"_wandb":{"runtime":1},"_timestamp":1.741252578687524e+09,"_runtime":1.8501794,"reward":-10,"best score":10}