{"average score":10,"best score":10,"_step":361,"reward":-10,"step":0,"loss":0.04505761340260506,"_runtime":6.1980064,"_wandb":{"runtime":6},"score":10,"_timestamp":1.7412524589384344e+09}