{"_runtime":2.907115,"_wandb":{"runtime":2},"_timestamp":1.741254841372601e+09,"best score":10,"average score":3.3333333333333335,"_step":361,"loss":0.6009225845336914,"score":10,"reward":-10,"step":0}