{"loss":0.043661460280418396,"reward":-10,"score":10,"_wandb":{"runtime":6},"_runtime":6.2312484,"_step":455,"step":0,"average score":10,"best score":10,"_timestamp":1.7412546655217364e+09}