{"average score":0,"step":0,"score":10,"best score":10,"_timestamp":1.7412534679035347e+09,"reward":-10,"_runtime":4.1573427,"loss":0.022691184654831886,"_wandb":{"runtime":4},"_step":361}