{"reward":-10,"loss":0.19651317596435547,"_timestamp":1.7412548175551388e+09,"_wandb":{"runtime":1},"step":0,"best score":10,"average score":0,"_step":109,"_runtime":1.0647469,"score":0}