{"score":0,"average score":8,"_runtime":2.5451839,"_wandb":{"runtime":2},"_timestamp":1.7412532011235697e+09,"step":0,"loss":0.538855791091919,"best score":10,"reward":-10,"_step":109}