{"loss":0.3204399645328522,"_step":109,"reward":-10,"step":0,"best score":10,"_wandb":{"runtime":2},"_runtime":2.2648196,"_timestamp":1.7412557788514907e+09,"score":0,"average score":0}