{"_runtime":1.6845596,"step":0,"reward":-10,"_timestamp":1.7412545374444096e+09,"_step":109,"score":0,"_wandb":{"runtime":1},"best score":10,"loss":0.027735643088817596,"average score":7.142857142857143}