{"_wandb":{"runtime":1},"score":0,"best score":10,"average score":3.3333333333333335,"_step":109,"loss":0.1645856499671936,"step":0,"reward":-10,"_runtime":1.408587,"_timestamp":1.741255259978474e+09}