{"average score":0,"reward":-10,"loss":1.1619341373443604,"step":0,"best score":10,"_timestamp":1.741255156058311e+09,"_step":109,"_wandb":{"runtime":1},"_runtime":1.4869182,"score":0}