{"_runtime":2.3320622,"best score":10,"_wandb":{"runtime":2},"_step":109,"reward":-10,"step":0,"_timestamp":1.7412555342107553e+09,"loss":0.03298848494887352,"score":0,"average score":1.1111111111111112}