{"_timestamp":1.7412565931915812e+09,"best score":10,"average score":0,"score":0,"_runtime":2.0508875,"step":0,"_step":109,"reward":-10,"_wandb":{"runtime":2},"loss":0.8130196332931519}