{"_wandb":{"runtime":1},"reward":-10,"loss":0.1657736897468567,"_timestamp":1.7412549801789336e+09,"step":0,"score":0,"best score":10,"average score":5,"_runtime":1.1597315,"_step":109}