{"step":0,"average score":2.5,"reward":-10,"loss":1.7162449359893799,"_step":109,"_wandb":{"runtime":2},"best score":10,"_runtime":2.6078897,"score":0,"_timestamp":1.7412568953609045e+09}