{"loss":1.4789910316467285,"best score":10,"_runtime":4.1490411,"average score":0,"_step":361,"reward":-10,"_timestamp":1.7412539018042371e+09,"step":0,"score":10,"_wandb":{"runtime":4}}