{"_step":455,"average score":4,"step":0,"score":10,"best score":10,"_wandb":{"runtime":6},"reward":-10,"loss":4.133903503417969,"_timestamp":1.741255421808043e+09,"_runtime":6.791917}