{"score":0,"_wandb":{"runtime":1},"reward":-10,"best score":10,"step":0,"_runtime":1.1369057,"_step":109,"average score":4.444444444444445,"loss":0.14461638033390045,"_timestamp":1.7412548772824883e+09}