{"_timestamp":1.7412544282206273e+09,"reward":-10,"loss":0.03389989584684372,"_wandb":{"runtime":1},"_runtime":1.5246333,"step":0,"score":0,"best score":10,"_step":109,"average score":6.666666666666667}