{"step":0,"_step":109,"loss":0.10703884065151215,"average score":0,"reward":-10,"_runtime":1.6741267,"best score":10,"score":0,"_timestamp":1.7412553999213579e+09,"_wandb":{"runtime":1}}