{"average score":2.857142857142857,"score":10,"_wandb":{"runtime":8},"_timestamp":1.741255616226536e+09,"best score":10,"step":0,"_runtime":8.3702919,"loss":0.2663501501083374,"_step":470,"reward":-10}