{"_wandb":{"runtime":1},"_timestamp":1.7412550819931629e+09,"score":0,"loss":0.10688619315624237,"average score":5.714285714285714,"best score":10,"_step":109,"_runtime":1.1063578,"reward":-10,"step":0}