{"score":0,"_runtime":1.2674243,"loss":1.3057345151901245,"step":0,"best score":10,"reward":-10,"_step":109,"average score":0,"_wandb":{"runtime":1},"_timestamp":1.7412552680813694e+09}