{"average score":5.555555555555555,"score":10,"best score":10,"reward":-10,"_runtime":6.714569,"_timestamp":1.7412560950288806e+09,"_step":361,"step":0,"loss":0.19662372767925262,"_wandb":{"runtime":6}}