{"_runtime":2.2995664,"loss":0.5033947229385376,"best score":10,"score":0,"reward":-10,"step":0,"_timestamp":1.7412557578934655e+09,"_wandb":{"runtime":2},"average score":0,"_step":109}