{"step":0,"_step":455,"reward":-10,"average score":10,"_wandb":{"runtime":8},"best score":10,"_timestamp":1.7412567884326437e+09,"_runtime":8.8461899,"loss":0.08275305479764938,"score":10}