{"average score":2.857142857142857,"_step":109,"_timestamp":1.7412550122566733e+09,"_runtime":1.0987766,"reward":-10,"score":0,"_wandb":{"runtime":1},"best score":10,"loss":0.08646616339683533,"step":0}