{"_timestamp":1.7412560551567237e+09,"best score":10,"reward":-10,"_step":109,"average score":3.3333333333333335,"_wandb":{"runtime":2},"step":0,"score":0,"_runtime":2.3444153,"loss":1.5309360027313232}