{"_runtime":1.5208477,"reward":-10,"average score":6.25,"best score":10,"_step":109,"_timestamp":1.7412544506246796e+09,"score":0,"_wandb":{"runtime":1},"step":0,"loss":0.38488560914993286}