{"step":0,"average score":8.571428571428571,"_timestamp":1.741256291293261e+09,"_runtime":8.5434904,"best score":10,"_wandb":{"runtime":8},"score":10,"loss":0.5456981062889099,"reward":-10,"_step":455}