{"average score":4.444444444444445,"_step":455,"best score":10,"_wandb":{"runtime":5},"_timestamp":1.7412545934854512e+09,"score":10,"reward":-10,"_runtime":5.4020562,"step":0,"loss":0.024840740486979485}