{"average score":5,"_wandb":{"runtime":5},"reward":-10,"score":10,"best score":10,"_runtime":5.1815858,"_timestamp":1.7412532356996949e+09,"step":0,"_step":361,"loss":1.1780030727386475}