{"_timestamp":1.7412524653205361e+09,"score":10,"reward":-10,"loss":2.86714243888855,"best score":10,"_runtime":5.0449451,"_step":361,"step":0,"average score":10,"_wandb":{"runtime":5}}