{"_runtime":7.0750749,"average score":10,"reward":-10,"_step":455,"loss":0.11786974966526031,"best score":10,"_timestamp":1.741252911673984e+09,"_wandb":{"runtime":7},"step":0,"score":10}