{"score":0,"_wandb":{"runtime":1},"loss":2.58258056640625,"step":0,"average score":0,"_step":109,"_timestamp":1.7412547483844507e+09,"reward":-10,"_runtime":1.0613216,"best score":10}