{"reward":-10,"_runtime":8.126277,"score":10,"best score":10,"_wandb":{"runtime":8},"step":0,"loss":1.2760001420974731,"average score":1.1111111111111112,"_timestamp":1.7412569661956701e+09,"_step":455}