{"step":0,"_step":455,"score":10,"_timestamp":1.7412562516851218e+09,"loss":0.3119010627269745,"average score":10,"_runtime":8.1724539,"reward":-10,"best score":10,"_wandb":{"runtime":8}}