{"average score":5.555555555555555,"_wandb":{"runtime":4},"score":10,"best score":10,"_runtime":4.0887942,"reward":-10,"_timestamp":1.7412543694365234e+09,"step":0,"_step":361,"loss":0.04065621271729469}