{"average score":1.1111111111111112,"_runtime":2.6573642,"_step":109,"loss":0.5658621788024902,"step":0,"_timestamp":1.7412557064140284e+09,"reward":-10,"score":0,"best score":10,"_wandb":{"runtime":2}}