{"_timestamp":1.7412523998238435e+09,"loss":1.2468832731246948,"best score":10,"average score":6.666666666666667,"reward":-10,"step":0,"_wandb":{"runtime":1},"_step":109,"score":0,"_runtime":1.7677895000000001}