{"average score":10,"_step":361,"_timestamp":1.7412522905855854e+09,"loss":0.05106983333826065,"reward":-10,"_runtime":4.3861143,"score":10,"step":0,"best score":10,"_wandb":{"runtime":4}}