{"_step":109,"reward":-10,"step":0,"_runtime":2.0220139,"average score":0,"score":0,"best score":10,"_wandb":{"runtime":2},"_timestamp":1.7412564332604089e+09,"loss":0.47305285930633545}