{"step":0,"best score":10,"_wandb":{"runtime":2},"_runtime":2.5930546,"average score":1.6666666666666667,"score":0,"reward":-10,"loss":0.13896620273590088,"_step":109,"_timestamp":1.7412563858896866e+09}