{"_step":455,"_timestamp":1.7412539692878106e+09,"loss":1.3553680181503296,"step":0,"best score":10,"score":10,"_wandb":{"runtime":5},"_runtime":5.6760165,"reward":-10,"average score":10}