{"_runtime":7.9329672,"_wandb":{"runtime":7},"reward":-10,"loss":1.6563352346420288,"best score":10,"average score":1.4285714285714286,"_step":455,"_timestamp":1.7412565117438424e+09,"score":10,"step":0}