{"_timestamp":1.741253446271088e+09,"_step":465,"_runtime":5.1097092,"_wandb":{"runtime":5},"step":0,"score":10,"best score":10,"average score":6.666666666666667,"reward":-10,"loss":0.045110754668712616}