{"_step":455,"best score":10,"_runtime":5.3080818,"_wandb":{"runtime":5},"step":0,"_timestamp":1.74125417671215e+09,"loss":0.04090443626046181,"score":10,"average score":0,"reward":-10}