{"best score":10,"loss":0.7433274984359741,"_timestamp":1.7412564001060283e+09,"score":0,"_wandb":{"runtime":2},"_runtime":2.2140095,"average score":0,"step":0,"reward":-10,"_step":109}