{"average score":0,"_timestamp":1.7412563728081682e+09,"best score":10,"_wandb":{"runtime":1},"step":0,"loss":0.43679913878440857,"score":0,"_runtime":1.9654452,"_step":109,"reward":-10}