{"step":0,"loss":0.2192220687866211,"_timestamp":1.7412544135078049e+09,"_step":109,"_runtime":1.6012412,"best score":10,"_wandb":{"runtime":1},"score":0,"average score":0,"reward":-10}