{"best score":10,"_step":109,"loss":0.025470206514000893,"_timestamp":1.741254160975687e+09,"average score":4.285714285714286,"_wandb":{"runtime":1},"_runtime":1.5391829000000001,"reward":-10,"score":0,"step":0}