{"_step":109,"step":0,"_wandb":{"runtime":1},"_runtime":1.598902,"score":0,"best score":10,"loss":0.052507586777210236,"reward":-10,"_timestamp":1.7412539938783734e+09,"average score":8}