{"score":0,"loss":0.11991335451602936,"_wandb":{"runtime":1},"step":0,"reward":-10,"best score":10,"average score":6.666666666666667,"_step":109,"_runtime":1.6842510000000002,"_timestamp":1.7412534840595443e+09}