{"step":0,"_runtime":5.6896849,"_timestamp":1.741253474859192e+09,"score":10,"average score":10,"_wandb":{"runtime":5},"reward":-10,"loss":1.5721259117126465,"_step":455,"best score":10}