{"step":0,"average score":10,"reward":-10,"loss":0.42959973216056824,"_step":455,"_wandb":{"runtime":5},"_timestamp":1.7412545116851797e+09,"_runtime":5.2646907,"score":10,"best score":10}