{"reward":-10,"average score":0,"_timestamp":1.7412551410721266e+09,"_step":109,"loss":0.043166328221559525,"score":0,"_wandb":{"runtime":1},"best score":10,"_runtime":1.1557258,"step":0}