{"_timestamp":1.74125675109056e+09,"average score":0,"_step":109,"best score":10,"_runtime":2.256226,"loss":0.3000074326992035,"score":0,"_wandb":{"runtime":2},"reward":-10,"step":0}