{"loss":0.02787707932293415,"reward":-10,"step":0,"_wandb":{"runtime":7},"_runtime":7.3660902,"score":10,"_step":361,"best score":10,"average score":0,"_timestamp":1.7412526335395632e+09}