{"average score":0,"reward":-10,"score":0,"step":0,"best score":10,"_runtime":3.5679722,"_timestamp":1.7412569777628703e+09,"loss":0.27515876293182373,"_wandb":{"runtime":3},"_step":109}