{"score":0,"_timestamp":1.7412554431977546e+09,"average score":0,"loss":0.07857626676559448,"_runtime":2.3684085,"_step":109,"best score":10,"_wandb":{"runtime":2},"reward":-10,"step":0}