{"average score":3.3333333333333335,"reward":-10,"step":0,"_wandb":{"runtime":1},"_runtime":1.2928945,"_step":109,"loss":0.10184270888566971,"score":0,"best score":10,"_timestamp":1.7412548242674594e+09}