{"_step":109,"_timestamp":1.741256001711743e+09,"best score":10,"reward":-10,"average score":0,"loss":1.9669852256774902,"_runtime":2.2359897,"_wandb":{"runtime":2},"score":0,"step":0}