{"_timestamp":1.741253795999516e+09,"_step":455,"reward":-10,"score":10,"step":0,"loss":0.02138991467654705,"best score":10,"average score":10,"_wandb":{"runtime":5},"_runtime":5.5123906}