{"loss":1.2100341320037842,"score":10,"best score":10,"_timestamp":1.7412523384729676e+09,"average score":10,"_wandb":{"runtime":5},"reward":-10,"step":0,"_runtime":5.8269396,"_step":361}