{"score":10,"average score":6.25,"loss":3.006221294403076,"step":0,"_step":361,"best score":10,"_runtime":5.6854146,"_wandb":{"runtime":5},"_timestamp":1.7412524292259736e+09,"reward":-10}