{"score":10,"average score":7.5,"_wandb":{"runtime":4},"_runtime":4.5862305,"loss":0.011760411784052849,"_step":361,"reward":-10,"step":0,"best score":10,"_timestamp":1.741252347652498e+09}