{"score":0,"_runtime":2.0018141,"_step":109,"best score":10,"_wandb":{"runtime":2},"step":0,"reward":-10,"loss":3.6318788528442383,"average score":5,"_timestamp":1.74125633238308e+09}