{"_step":109,"loss":3.244790554046631,"_timestamp":1.7412550845868871e+09,"average score":5,"step":0,"best score":10,"_runtime":1.2720542,"score":0,"_wandb":{"runtime":1},"reward":-10}