{"average score":1.6666666666666667,"reward":-10,"score":0,"_timestamp":1.7412567308410392e+09,"loss":0.5274954438209534,"_step":109,"best score":10,"step":0,"_wandb":{"runtime":2},"_runtime":2.518514}