{"_timestamp":1.741252917861862e+09,"_runtime":4.6039464,"_step":321,"_wandb":{"runtime":4},"reward":-0.28941176470588237}