{"_timestamp":1.7412558261124606e+09,"score":10,"_runtime":8.2034012,"_wandb":{"runtime":8},"step":0,"average score":10,"_step":455,"best score":10,"loss":0.541951060295105,"reward":-10}