{"average score":5,"step":0,"_runtime":5.2637995,"score":10,"_step":455,"_timestamp":1.7412530557713184e+09,"loss":1.6307657957077026,"_wandb":{"runtime":5},"best score":10,"reward":-10}