{"average score":1.4285714285714286,"_timestamp":1.7412565516465082e+09,"_step":361,"_wandb":{"runtime":6},"reward":-10,"loss":0.6186642050743103,"_runtime":6.6832069,"step":0,"score":10,"best score":10}