{"average score":5.714285714285714,"_timestamp":1.7412546393749464e+09,"best score":10,"_runtime":7.0003464,"_wandb":{"runtime":7},"step":0,"_step":455,"reward":-10,"score":10,"loss":0.031125172972679138}