{"_step":109,"score":0,"_wandb":{"runtime":3},"best score":10,"step":0,"_runtime":3.2374034,"loss":1.1019541025161743,"average score":1.6666666666666667,"reward":-10,"_timestamp":1.7412569033248913e+09}