{"_timestamp":1.7412545603582563e+09,"loss":0.08477022498846054,"score":0,"_wandb":{"runtime":1},"average score":0,"step":0,"_runtime":1.7897304,"_step":109,"reward":-10,"best score":10}