{"_runtime":2.2306254,"loss":0.15166249871253967,"_step":109,"best score":10,"step":0,"reward":-10,"score":0,"_timestamp":1.741256294579486e+09,"average score":7.5,"_wandb":{"runtime":2}}