{"average score":6.666666666666667,"_runtime":2.4212550999999998,"_timestamp":1.7412561443728724e+09,"_wandb":{"runtime":2},"step":0,"best score":10,"reward":-10,"_step":109,"loss":0.07676178216934204,"score":0}