{"_runtime":4.4911781,"average score":10,"best score":10,"loss":0.6794658303260803,"step":0,"reward":-10,"_timestamp":1.7412541946699603e+09,"_step":361,"_wandb":{"runtime":4},"score":10}