{"_timestamp":1.7412555443433475e+09,"best score":10,"reward":-10,"_runtime":2.3370794999999998,"loss":1.0797781944274902,"score":0,"step":0,"average score":0,"_wandb":{"runtime":2},"_step":109}