{"best score":10,"_step":109,"average score":0,"_wandb":{"runtime":2},"reward":-10,"_timestamp":1.741256953441696e+09,"_runtime":2.038439,"loss":0.08489217609167099,"score":0,"step":0}