{"_wandb":{"runtime":1},"score":0,"reward":-10,"_timestamp":1.7412550430546863e+09,"step":0,"best score":10,"_runtime":1.1711122,"_step":109,"loss":0.15873503684997559,"average score":5}