{"loss":0.2810499370098114,"_step":109,"_wandb":{"runtime":2},"average score":0,"reward":-10,"_timestamp":1.741255588641783e+09,"_runtime":2.0500931,"score":0,"step":0,"best score":10}