{"reward":-10,"average score":3.3333333333333335,"_step":361,"_wandb":{"runtime":2},"_timestamp":1.741254832652917e+09,"best score":10,"loss":3.261559247970581,"score":10,"_runtime":2.6597229000000002,"step":0}