{"_runtime":5.0185977,"reward":-10,"_wandb":{"runtime":5},"loss":0.054675403982400894,"_step":361,"step":0,"best score":10,"_timestamp":1.7412534045421028e+09,"score":10,"average score":0}