{"_wandb":{"runtime":2},"best score":10,"_step":109,"average score":0,"reward":-10,"_timestamp":1.7412554059901059e+09,"_runtime":2.20239,"loss":0.5106511116027832,"step":0,"score":0}