{"best score":10,"average score":2.5,"step":0,"_timestamp":1.7412525901277814e+09,"loss":0.2962300777435303,"score":10,"_wandb":{"runtime":6},"_runtime":6.6390645,"reward":-10,"_step":463}