{"best score":10,"_wandb":{"runtime":1},"_step":109,"step":0,"loss":3.2472851276397705,"score":0,"reward":-10,"_timestamp":1.7412550754268928e+09,"_runtime":1.3651887999999999,"average score":6}