{"loss":0.04935397207736969,"_runtime":1.4627975,"average score":0,"_wandb":{"runtime":1},"reward":-10,"_step":109,"step":0,"score":0,"_timestamp":1.7412546023735414e+09,"best score":10}