{"average score":2,"step":0,"loss":0.6340329647064209,"_step":109,"best score":10,"_wandb":{"runtime":2},"_runtime":2.101536,"_timestamp":1.7412564580426805e+09,"score":0,"reward":-10}