{"_wandb":{"runtime":3},"reward":-10,"score":10,"loss":0.027799362316727638,"average score":10,"_timestamp":1.741252396695929e+09,"_runtime":3.6748382,"_step":361,"step":0,"best score":10}