{"_runtime":4.008651,"score":10,"loss":0.054496608674526215,"_step":463,"average score":10,"best score":10,"_timestamp":1.7412547151408973e+09,"reward":-10,"_wandb":{"runtime":4},"step":0}