{"_step":455,"_timestamp":1.7412550290376327e+09,"loss":0.05276654288172722,"score":10,"_runtime":3.3283396,"_wandb":{"runtime":3},"average score":5,"reward":-10,"step":0,"best score":10}