{"_wandb":{"runtime":1},"best score":10,"average score":2.5,"_runtime":1.9091689,"step":0,"reward":-10,"score":0,"_step":109,"loss":0.955604076385498,"_timestamp":1.7412554317977018e+09}