{"loss":6.7000603675842285,"_timestamp":1.7412565438260138e+09,"_wandb":{"runtime":2},"step":0,"score":0,"average score":0,"reward":-10,"_runtime":2.2042888,"_step":109,"best score":10}