{"reward":-10,"average score":2.5,"step":0,"loss":0.027942514047026634,"score":0,"_runtime":2.2341019,"_wandb":{"runtime":2},"best score":10,"_timestamp":1.741252652022786e+09,"_step":109}