{"best score":10,"loss":1.6370748281478882,"step":0,"reward":-10,"_timestamp":1.741252296434175e+09,"score":10,"_step":361,"average score":10,"_wandb":{"runtime":4},"_runtime":4.5827695}