{"_runtime":2.7237453,"loss":0.34439316391944885,"_wandb":{"runtime":2},"_step":109,"reward":-10,"step":0,"_timestamp":1.7412567156467092e+09,"best score":10,"average score":5,"score":0}