{"_wandb":{"runtime":3},"score":10,"average score":7.5,"loss":0.38970711827278137,"best score":10,"reward":-10,"step":0,"_runtime":3.5955831,"_timestamp":1.741254800288642e+09,"_step":458}