{"score":0,"_step":109,"step":0,"average score":2.5,"_wandb":{"runtime":2},"_timestamp":1.7412568666631908e+09,"reward":-10,"best score":10,"_runtime":2.8702228,"loss":3.6441707611083984}