{"loss":3.5796642303466797,"step":0,"_step":109,"_wandb":{"runtime":1},"reward":-10,"best score":10,"average score":3.75,"_timestamp":1.7412549441607778e+09,"score":0,"_runtime":1.1577687}