{"average score":0,"loss":0.5169768333435059,"_step":361,"step":0,"best score":10,"_runtime":4.6920577,"_wandb":{"runtime":4},"score":10,"reward":-10,"_timestamp":1.7412542380271347e+09}