{"_runtime":7.9325683,"_timestamp":1.7412568218236883e+09,"_wandb":{"runtime":7},"_step":455,"loss":0.24583649635314941,"best score":10,"average score":2.2222222222222223,"reward":-10,"step":0,"score":10}