{"reward":-10,"_runtime":2.2864942,"_timestamp":1.741256956873603e+09,"average score":0,"_wandb":{"runtime":2},"score":0,"step":0,"best score":10,"_step":109,"loss":0.13645771145820618}