{"average score":7.5,"reward":-10,"_timestamp":1.741254433474298e+09,"_runtime":4.0911811,"step":0,"best score":10,"_step":361,"loss":0.11182677745819092,"_wandb":{"runtime":4},"score":10}