{"step":0,"best score":10,"reward":-10,"average score":3.3333333333333335,"_wandb":{"runtime":1},"_timestamp":1.7412552264012995e+09,"_runtime":1.4347033,"loss":0.1302192658185959,"_step":109,"score":0}