{"score":10,"_wandb":{"runtime":5},"_timestamp":1.7412543472557287e+09,"_step":462,"loss":0.03948861360549927,"reward":-10,"best score":10,"average score":5,"_runtime":5.6899925,"step":0}