{"_wandb":{"runtime":6},"average score":6.25,"_step":361,"step":0,"reward":-10,"_timestamp":1.741254646954987e+09,"best score":10,"loss":5.317048072814941,"score":10,"_runtime":6.405225}