{"_runtime":2.1868887,"_step":109,"_wandb":{"runtime":2},"reward":-10,"score":0,"best score":10,"_timestamp":1.7412555539608586e+09,"loss":0.28478434681892395,"step":0,"average score":0}