{"step":0,"_runtime":2.1593888,"_step":109,"_wandb":{"runtime":2},"score":0,"reward":-10,"best score":10,"_timestamp":1.7412557097701461e+09,"average score":0,"loss":1.1465375423431396}