{"_timestamp":1.7412539855754886e+09,"reward":-10,"_runtime":6.0442554,"score":10,"average score":10,"loss":2.2785263061523438,"_step":455,"_wandb":{"runtime":6},"step":0,"best score":10}