{"step":0,"score":0,"_wandb":{"runtime":2},"reward":-10,"_timestamp":1.7412563201312413e+09,"_step":109,"loss":0.1716088354587555,"_runtime":2.1661621,"best score":10,"average score":5}