{"score":10,"best score":10,"average score":5,"_timestamp":1.7412537530584016e+09,"_runtime":5.1683436,"step":0,"_step":458,"reward":-10,"_wandb":{"runtime":5},"loss":0.012965497560799122}