{"score":10,"average score":2.5,"_runtime":6.3882135,"_step":455,"loss":0.3880097568035126,"_wandb":{"runtime":6},"_timestamp":1.7412554139005609e+09,"best score":10,"reward":-10,"step":0}