{"best score":10,"average score":10,"score":10,"_timestamp":1.7412525179935012e+09,"_wandb":{"runtime":6},"_runtime":6.5901841,"step":0,"reward":-10,"loss":0.06972652673721313,"_step":455}