{"average score":8.75,"reward":-10,"_runtime":4.430652,"_wandb":{"runtime":4},"score":10,"_timestamp":1.7412538891211362e+09,"_step":361,"best score":10,"loss":0.03557085990905762,"step":0}