{"step":0,"score":10,"_runtime":6.4857015,"_step":455,"best score":10,"loss":3.1780033111572266,"reward":-10,"average score":6,"_wandb":{"runtime":6},"_timestamp":1.7412546276760004e+09}