{"reward":-10,"loss":0.6698317527770996,"_runtime":2.4870924,"step":0,"best score":10,"_wandb":{"runtime":2},"average score":1.6666666666666667,"score":0,"_timestamp":1.7412556961943884e+09,"_step":109}