{"loss":1.7384531497955322,"average score":3.3333333333333335,"_wandb":{"runtime":2},"step":0,"best score":10,"reward":-10,"_runtime":2.5204098,"score":0,"_timestamp":1.7412558358430305e+09,"_step":109}