{"best score":10,"average score":0,"reward":-10,"_runtime":2.57691,"_timestamp":1.7412564370714896e+09,"loss":0.10358782112598419,"score":0,"_wandb":{"runtime":2},"step":0,"_step":109}