{"average score":5.555555555555555,"score":0,"_step":109,"step":0,"best score":10,"_runtime":1.5309568,"loss":2.4513237476348877,"_timestamp":1.741253398373255e+09,"reward":-10,"_wandb":{"runtime":1}}