{"reward":-10,"loss":0.34145137667655945,"_timestamp":1.7412545796219294e+09,"average score":2.857142857142857,"_runtime":5.9620854,"step":0,"_wandb":{"runtime":5},"_step":458,"best score":10,"score":10}