{"loss":0.034054554998874664,"_timestamp":1.7412537730210989e+09,"_runtime":4.1377168,"_step":361,"best score":10,"average score":7.142857142857143,"score":10,"step":0,"reward":-10,"_wandb":{"runtime":4}}