{"loss":0.09412668645381927,"_runtime":1.7843257000000001,"step":0,"best score":10,"reward":-10,"score":0,"average score":8.571428571428571,"_step":109,"_timestamp":1.7412542200408769e+09,"_wandb":{"runtime":1}}