{"score":0,"average score":7.5,"_wandb":{"runtime":1},"step":0,"_runtime":1.2056701,"loss":0.31113001704216003,"_timestamp":1.7412547220094383e+09,"reward":-10,"_step":109,"best score":10}