{"average score":1.1111111111111112,"reward":-10,"_step":109,"_runtime":2.1478376,"loss":0.12511813640594482,"_wandb":{"runtime":2},"_timestamp":1.741256518765529e+09,"step":0,"score":0,"best score":10}