{"_step":109,"score":0,"_wandb":{"runtime":2},"_runtime":2.2385349,"best score":10,"loss":0.337488055229187,"step":0,"reward":-10,"average score":0,"_timestamp":1.7412567445482671e+09}