{"loss":0.6785976886749268,"score":0,"_timestamp":1.7412553613240438e+09,"best score":10,"_runtime":1.7912767,"_step":109,"step":0,"_wandb":{"runtime":1},"reward":-10,"average score":6.666666666666667}