{"_wandb":{"runtime":2},"_timestamp":1.7412556318832097e+09,"loss":3.1071293354034424,"average score":0,"reward":-10,"_runtime":2.0905772,"step":0,"score":0,"best score":10,"_step":109}