{"step":0,"average score":7.5,"best score":10,"_step":109,"score":0,"reward":-10,"loss":0.08543127030134201,"_wandb":{"runtime":1},"_timestamp":1.7412540573442862e+09,"_runtime":1.6402993000000001}