{"_step":109,"_timestamp":1.7412566291355221e+09,"_wandb":{"runtime":2},"_runtime":2.2262189,"best score":10,"step":0,"score":0,"average score":0,"reward":-10,"loss":1.147522211074829}