{"_step":109,"_runtime":2.2226063,"reward":-10,"_timestamp":1.7412568290749643e+09,"average score":0,"loss":0.35375723242759705,"step":0,"score":0,"best score":10,"_wandb":{"runtime":2}}