{"reward":-10,"_wandb":{"runtime":1},"score":0,"_runtime":1.1725406999999999,"average score":0,"_timestamp":1.7412552704394426e+09,"_step":109,"best score":10,"loss":0.2230530083179474,"step":0}