{"_timestamp":1.7412556067604172e+09,"_step":109,"best score":10,"_wandb":{"runtime":2},"reward":-10,"_runtime":2.4855282,"step":0,"average score":1.6666666666666667,"loss":0.14585089683532715,"score":0}