{"average score":0,"_wandb":{"runtime":2},"step":0,"_timestamp":1.7412566392705064e+09,"_step":109,"score":0,"loss":0.5766685009002686,"reward":-10,"_runtime":2.0197116,"best score":10}