{"best score":10,"_step":109,"_runtime":1.2943179,"loss":0.08143500983715057,"score":0,"average score":1.4285714285714286,"_timestamp":1.7412551489093828e+09,"step":0,"_wandb":{"runtime":1},"reward":-10}