{"_timestamp":1.7412562143396592e+09,"best score":10,"loss":0.49615609645843506,"average score":8.571428571428571,"_runtime":6.1551366,"_step":361,"reward":-10,"step":0,"score":10,"_wandb":{"runtime":6}}