{"best score":10,"_step":455,"loss":0.03960694372653961,"score":10,"_runtime":12.9873803,"average score":8.571428571428571,"step":0,"_wandb":{"runtime":12},"reward":-10,"_timestamp":1.7412540137517164e+09}