{"average score":5,"_step":455,"_timestamp":1.741253426351702e+09,"loss":0.15727266669273376,"step":0,"reward":-10,"score":10,"_wandb":{"runtime":8},"best score":10,"_runtime":8.6850402}