{"_step":109,"average score":5,"_timestamp":1.7412537436712644e+09,"best score":10,"step":0,"loss":0.018093088641762733,"_wandb":{"runtime":1},"_runtime":1.7041772,"score":0,"reward":-10}