{"_step":361,"loss":0.020095547661185265,"_wandb":{"runtime":10},"score":10,"reward":-10,"average score":10,"_runtime":10.3615711,"_timestamp":1.741253740523629e+09,"step":0,"best score":10}