{"_runtime":1.0856888,"step":0,"_wandb":{"runtime":1},"loss":2.404235601425171,"average score":0,"_step":109,"_timestamp":1.7412550906696382e+09,"reward":-10,"best score":10,"score":0}