{"step":0,"loss":4.3775153160095215,"_timestamp":1.741254736689148e+09,"average score":6.25,"_runtime":3.598703,"_wandb":{"runtime":3},"reward":-10,"_step":361,"score":10,"best score":10}