{"loss":0.02115161158144474,"_runtime":4.044705,"best score":10,"_wandb":{"runtime":4},"reward":-10,"_timestamp":1.741253109966464e+09,"step":0,"average score":10,"score":10,"_step":361}