{"reward":-10,"score":10,"step":0,"_runtime":4.2958885,"_step":455,"loss":0.0542970709502697,"best score":10,"_timestamp":1.7412551262871716e+09,"average score":0,"_wandb":{"runtime":4}}