{"score":0,"loss":0.6014350652694702,"average score":5,"_wandb":{"runtime":2},"step":0,"_timestamp":1.7412568881123817e+09,"_runtime":2.3952362,"best score":10,"reward":-10,"_step":109}