{"_timestamp":1.7412557239411538e+09,"reward":-10,"step":0,"_step":109,"_runtime":2.1564588000000002,"score":0,"best score":10,"loss":0.25421255826950073,"average score":0,"_wandb":{"runtime":2}}