{"average score":0,"_step":109,"step":0,"_runtime":1.1283083,"reward":-10,"_timestamp":1.7412547509921114e+09,"loss":0.27494755387306213,"score":0,"best score":10,"_wandb":{"runtime":1}}