{"_wandb":{"runtime":8},"step":0,"_timestamp":1.7412531786549363e+09,"_runtime":8.7799791,"best score":10,"score":10,"reward":-10,"loss":1.4630696773529053,"_step":455,"average score":10}