{"_runtime":3.3275872,"_wandb":{"runtime":3},"loss":0.03459746763110161,"step":0,"_timestamp":1.7412548219091413e+09,"reward":-10,"score":10,"average score":5,"_step":456,"best score":10}