{"step":0,"_wandb":{"runtime":6},"_step":455,"best score":10,"loss":0.21576865017414093,"_timestamp":1.7412525546844182e+09,"score":10,"reward":-10,"_runtime":6.4324455,"average score":7.142857142857143}