{"reward":-10,"_timestamp":1.7412544478564854e+09,"_step":463,"step":0,"_runtime":5.4724733,"score":10,"_wandb":{"runtime":5},"loss":0.039525121450424194,"average score":7.142857142857143,"best score":10}