{"loss":0.14966920018196106,"average score":5,"best score":10,"step":0,"score":10,"_wandb":{"runtime":4},"reward":-10,"_runtime":4.9483365,"_timestamp":1.7412542564089375e+09,"_step":361}