{"best score":10,"step":0,"loss":0.510621964931488,"_timestamp":1.741255330225179e+09,"_runtime":2.9600938,"average score":1.4285714285714286,"_wandb":{"runtime":2},"reward":-10,"score":0,"_step":109}