{"_wandb":{"runtime":1},"_runtime":1.1853482,"_step":109,"best score":10,"_timestamp":1.7412548083296092e+09,"reward":-10,"loss":0.034787461161613464,"step":0,"average score":4.285714285714286,"score":0}