{"average score":3.75,"reward":-10,"_wandb":{"runtime":4},"_timestamp":1.74125427135607e+09,"_runtime":4.1903405,"score":10,"loss":0.6499044299125671,"step":0,"_step":361,"best score":10}