{"reward":-10,"_step":109,"average score":0,"score":0,"loss":1.6879043579101562,"_timestamp":1.7412565900760512e+09,"_runtime":1.9739119,"_wandb":{"runtime":1},"step":0,"best score":10}