{"average score":6.666666666666667,"_wandb":{"runtime":1},"best score":10,"loss":0.028077874332666397,"_runtime":1.5132706,"score":0,"_timestamp":1.7412533317215226e+09,"step":0,"_step":109,"reward":-10}