{"best score":10,"step":0,"_wandb":{"runtime":1},"_step":109,"average score":0,"loss":0.028092747554183006,"reward":-10,"_runtime":1.8435616000000001,"score":0,"_timestamp":1.7412545545602517e+09}