{"step":0,"_wandb":{"runtime":1},"_timestamp":1.7412543917200818e+09,"reward":-10,"_step":109,"loss":0.029232891276478767,"best score":10,"_runtime":1.491974,"score":0,"average score":4}