{"_runtime":2.1306277,"score":0,"loss":3.7990806102752686,"reward":-10,"_timestamp":1.7412558391215956e+09,"step":0,"_step":109,"best score":10,"average score":2.5,"_wandb":{"runtime":2}}