{"best score":10,"score":0,"average score":5.555555555555555,"_timestamp":1.7412526247038581e+09,"_step":109,"step":0,"reward":-10,"_wandb":{"runtime":2},"_runtime":2.9907979,"loss":2.74653697013855}