{"_timestamp":1.7412548862109852e+09,"_step":361,"average score":10,"loss":0.08493565768003464,"score":10,"step":0,"best score":10,"reward":-10,"_wandb":{"runtime":3},"_runtime":3.2363411}