{"average score":2.2222222222222223,"_step":455,"loss":0.09148740768432617,"step":0,"reward":-10,"_wandb":{"runtime":8},"_runtime":8.5336015,"_timestamp":1.741255998189658e+09,"score":10,"best score":10}