{"_timestamp":1.7412566361907427e+09,"_runtime":2.5808631,"best score":10,"loss":0.4610520303249359,"_wandb":{"runtime":2},"reward":-10,"step":0,"score":0,"average score":0,"_step":109}