{"_wandb":{"runtime":1},"_timestamp":1.7412548267375875e+09,"score":0,"reward":-10,"average score":2.5,"_runtime":1.2547730000000001,"step":0,"_step":109,"loss":1.5260814428329468,"best score":10}