{"step":0,"score":10,"_wandb":{"runtime":6},"best score":10,"_runtime":6.8515308,"loss":0.2585752308368683,"_step":455,"average score":1.4285714285714286,"reward":-10,"_timestamp":1.7412554765110078e+09}