{"loss":0.36082178354263306,"_step":109,"reward":-10,"_runtime":2.1867718,"best score":10,"score":0,"average score":5,"_wandb":{"runtime":2},"_timestamp":1.7412567917812092e+09,"step":0}