{"_wandb":{"runtime":1},"_runtime":1.8742183,"loss":1.1461927890777588,"reward":-10,"score":0,"best score":10,"average score":0,"_step":109,"_timestamp":1.7412534075394e+09,"step":0}