{"_wandb":{"runtime":1},"average score":8.333333333333334,"_runtime":1.9270555,"loss":1.6652936935424805,"_timestamp":1.7412531259077916e+09,"reward":-10,"best score":10,"score":0,"_step":109,"step":0}