{"best score":10,"step":0,"_step":361,"score":10,"_timestamp":1.7412540266096146e+09,"average score":8.88888888888889,"loss":1.5212730169296265,"_wandb":{"runtime":4},"reward":-10,"_runtime":4.9677405}