{"_step":109,"_wandb":{"runtime":2},"_timestamp":1.7412553248311107e+09,"best score":10,"loss":0.25953641533851624,"average score":1.6666666666666667,"reward":-10,"_runtime":2.2512338,"step":0,"score":0}