{"reward":-10,"_wandb":{"runtime":8},"average score":10,"step":0,"_runtime":8.6435117,"score":10,"loss":1.4947478771209717,"_step":455,"_timestamp":1.7412561183912523e+09,"best score":10}