{"loss":5.764412879943848,"average score":7.5,"best score":10,"_timestamp":1.7412550729361453e+09,"_step":361,"_wandb":{"runtime":2},"_runtime":2.7447464,"score":10,"reward":-10,"step":0}