{"_step":109,"best score":10,"_wandb":{"runtime":2},"score":0,"loss":2.8769028186798096,"average score":0,"step":0,"_timestamp":1.741256681562248e+09,"_runtime":2.2020492,"reward":-10}