{"step":0,"score":0,"_wandb":{"runtime":2},"best score":10,"_step":109,"average score":0,"_timestamp":1.7412554966912203e+09,"loss":0.21164663136005402,"reward":-10,"_runtime":2.6387945999999998}