{"_step":109,"_wandb":{"runtime":1},"_runtime":1.6529498999999999,"step":0,"average score":0,"reward":-10,"loss":0.2971600592136383,"_timestamp":1.741254557475202e+09,"best score":10,"score":0}