{"loss":3.132091760635376,"score":10,"_timestamp":1.7412538965259154e+09,"average score":8.88888888888889,"_wandb":{"runtime":6},"_runtime":6.0889301,"step":0,"best score":10,"_step":455,"reward":-10}