{"average score":0,"step":0,"_step":109,"_wandb":{"runtime":2},"best score":10,"_timestamp":1.7412569297932613e+09,"_runtime":2.0887362,"loss":0.14746308326721191,"score":0,"reward":-10}