{"step":0,"_runtime":2.7751041,"average score":0,"_wandb":{"runtime":2},"_step":109,"loss":0.17590004205703735,"reward":-10,"_timestamp":1.7412555036414616e+09,"score":0,"best score":10}