{"_runtime":5.7626639,"average score":10,"_step":361,"loss":0.03854383900761604,"_timestamp":1.741252640802338e+09,"step":0,"reward":-10,"best score":10,"score":10,"_wandb":{"runtime":5}}