{"_wandb":{"runtime":1},"_timestamp":1.7412550148051658e+09,"step":0,"loss":0.15248945355415344,"score":0,"best score":10,"_runtime":1.4362498000000001,"_step":109,"reward":-10,"average score":2.5}