{"_step":109,"reward":-10,"_timestamp":1.7412524765565429e+09,"score":0,"_runtime":2.0372049,"average score":8,"loss":1.6447702646255493,"_wandb":{"runtime":2},"step":0,"best score":10}