{"step":0,"average score":4.285714285714286,"reward":-10,"_wandb":{"runtime":3},"_step":455,"best score":10,"loss":0.1434396356344223,"_runtime":3.3932731,"score":10,"_timestamp":1.7412549419450412e+09}