{"_runtime":2.2155985,"score":0,"step":0,"_wandb":{"runtime":2},"_step":109,"loss":0.07205036282539368,"reward":-10,"average score":0,"_timestamp":1.7412557273221555e+09,"best score":10}