{"step":0,"score":0,"reward":-10,"_step":109,"average score":0,"best score":10,"_wandb":{"runtime":1},"_runtime":1.7123443,"loss":1.068639874458313,"_timestamp":1.7412523863725142e+09}