{"average score":3.3333333333333335,"step":0,"_step":109,"_wandb":{"runtime":2},"_runtime":2.776709,"best score":10,"_timestamp":1.7412567956909454e+09,"loss":0.6657642126083374,"score":0,"reward":-10}