{"best score":10,"step":0,"_timestamp":1.7412564785494645e+09,"score":0,"_step":109,"average score":2.2222222222222223,"_wandb":{"runtime":2},"reward":-10,"_runtime":2.2507787,"loss":0.14952468872070312}