{"_runtime":7.6614813999999996,"_wandb":{"runtime":7},"score":10,"_step":455,"loss":0.06092192232608795,"best score":10,"average score":5,"reward":-10,"_timestamp":1.7412556820219362e+09,"step":0}