{"loss":0.019190942868590355,"_timestamp":1.741254035143826e+09,"step":0,"best score":10,"_wandb":{"runtime":5},"_runtime":5.774213,"_step":455,"average score":0,"reward":-10,"score":10}