{"loss":0.14348439872264862,"best score":10,"average score":0,"score":0,"_timestamp":1.741255744488926e+09,"step":0,"_runtime":2.2835461,"_step":109,"reward":-10,"_wandb":{"runtime":2}}