{"reward":-10,"_runtime":2.2974828,"loss":0.8677178025245667,"step":0,"score":0,"_timestamp":1.7412566978898456e+09,"_step":109,"average score":0,"_wandb":{"runtime":2},"best score":10}