{"best score":10,"_timestamp":1.7412554684736583e+09,"_runtime":3.7505573,"reward":-10,"loss":0.846036970615387,"_wandb":{"runtime":3},"score":0,"average score":0,"_step":109,"step":0}