{"reward":-10,"loss":0.5121349692344666,"average score":0,"score":0,"_wandb":{"runtime":2},"step":0,"_step":109,"_timestamp":1.7412569373761332e+09,"best score":10,"_runtime":2.94692}