{"average score":0,"score":10,"_timestamp":1.741254551604779e+09,"_runtime":4.151062,"reward":-10,"_step":361,"step":0,"best score":10,"loss":7.1246442794799805,"_wandb":{"runtime":4}}