{"_wandb":{"runtime":6},"score":10,"best score":10,"_timestamp":1.7412564513459394e+09,"loss":0.1459605097770691,"average score":3.3333333333333335,"step":0,"reward":-10,"_runtime":6.6868611,"_step":361}