{"step":0,"reward":-10,"best score":10,"_step":455,"_timestamp":1.74125516823832e+09,"_runtime":3.767,"_wandb":{"runtime":3},"score":10,"average score":6.666666666666667,"loss":0.074160635471344}