{"_runtime":1.152612,"step":0,"score":0,"_step":109,"_timestamp":1.741254890680809e+09,"average score":3.3333333333333335,"_wandb":{"runtime":1},"reward":-10,"best score":10,"loss":0.5847162008285522}