{"step":0,"_runtime":1.5900821,"reward":-10,"best score":10,"_step":109,"loss":1.3902136087417603,"average score":0,"_wandb":{"runtime":1},"_timestamp":1.741254458743212e+09,"score":0}