{"_step":455,"_runtime":5.5559769,"average score":10,"best score":10,"reward":-10,"loss":0.0294478852301836,"_wandb":{"runtime":5},"step":0,"_timestamp":1.741252271807236e+09,"score":10}