{"step":0,"_timestamp":1.7412551632775254e+09,"_runtime":1.2117024,"_step":109,"score":0,"best score":10,"loss":0.15211619436740875,"_wandb":{"runtime":1},"reward":-10,"average score":5}