{"_step":455,"_wandb":{"runtime":6},"_timestamp":1.7412524848027601e+09,"best score":10,"reward":-10,"loss":0.02631104364991188,"score":10,"_runtime":6.9038501,"step":0,"average score":8.333333333333334}