{"loss":1.5592598915100098,"score":10,"_step":361,"best score":10,"_timestamp":1.7412552422487202e+09,"average score":2.5,"_wandb":{"runtime":3},"step":0,"reward":-10,"_runtime":3.1535549}