{"score":0,"_wandb":{"runtime":2},"_step":109,"step":0,"reward":-10,"loss":1.751607894897461,"_timestamp":1.7412565770963295e+09,"_runtime":2.6476595,"best score":10,"average score":0}