{"score":10,"best score":10,"average score":1.4285714285714286,"_wandb":{"runtime":8},"_step":455,"_timestamp":1.7412558963418245e+09,"step":0,"reward":-10,"_runtime":8.5751505,"loss":0.10545634478330612}