{"average score":3.75,"_wandb":{"runtime":3},"_runtime":3.6527794,"loss":4.579354286193848,"reward":-10,"score":10,"_step":361,"step":0,"best score":10,"_timestamp":1.7412552571966174e+09}