{"loss":2.5131444931030273,"reward":-10,"_runtime":5.2077119,"_step":361,"_timestamp":1.7412553493744094e+09,"best score":10,"score":10,"step":0,"_wandb":{"runtime":5},"average score":10}