{"reward":-10,"_timestamp":1.7412554278428009e+09,"score":0,"_wandb":{"runtime":1},"loss":0.2665760815143585,"best score":10,"step":0,"_step":109,"_runtime":1.7621137999999998,"average score":2.857142857142857}