{"score":10,"_timestamp":1.7412560706649e+09,"step":0,"best score":10,"loss":0.4270589053630829,"_runtime":8.2907231,"average score":3.3333333333333335,"_wandb":{"runtime":8},"reward":-10,"_step":455}