{"_timestamp":1.7412569175208464e+09,"_runtime":5.1148673,"reward":-10,"_wandb":{"runtime":5},"best score":10,"average score":1.25,"_step":109,"step":0,"score":0,"loss":0.29660964012145996}