{"step":0,"_step":109,"reward":-10,"_wandb":{"runtime":1},"loss":0.4920118749141693,"_timestamp":1.7412544028290308e+09,"score":0,"average score":3.75,"best score":10,"_runtime":1.6049156999999998}