{"best score":10,"average score":0,"loss":0.3608974814414978,"_step":109,"score":0,"_timestamp":1.7412560082758138e+09,"step":0,"_runtime":1.9752629000000002,"reward":-10,"_wandb":{"runtime":1}}