{"_wandb":{"runtime":2},"reward":-10,"best score":10,"average score":0,"score":0,"loss":0.3317321240901947,"_timestamp":1.7412555575026553e+09,"step":0,"_step":109,"_runtime":2.471795}