{"average score":3.3333333333333335,"reward":-10,"loss":0.017540520057082176,"_timestamp":1.7412546719792304e+09,"score":0,"best score":10,"_runtime":1.8278145000000001,"step":0,"_wandb":{"runtime":1},"_step":109}