{"reward":-10,"_timestamp":1.7412556356276822e+09,"score":0,"best score":10,"step":0,"average score":0,"loss":0.1325119435787201,"_wandb":{"runtime":2},"_runtime":2.6817082,"_step":109}