{"_runtime":3.2063929,"_step":109,"step":0,"average score":1.1111111111111112,"_wandb":{"runtime":3},"reward":-10,"score":0,"best score":10,"loss":1.5649243593215942,"_timestamp":1.7412552958972855e+09}