{"average score":7.142857142857143,"loss":0.045856982469558716,"step":0,"_wandb":{"runtime":5},"_timestamp":1.7412530732510452e+09,"reward":-10,"_runtime":5.1109151,"_step":455,"score":10,"best score":10}