{"score":10,"average score":10,"reward":-10,"loss":0.09741733223199844,"_step":361,"_timestamp":1.7412562594227982e+09,"step":0,"best score":10,"_wandb":{"runtime":6},"_runtime":6.4896775}