{"best score":10,"_wandb":{"runtime":2},"step":0,"loss":0.0609305314719677,"average score":1.6666666666666667,"reward":-10,"_step":109,"_timestamp":1.7412559810208256e+09,"_runtime":2.1274511,"score":0}