{"reward":-10,"_runtime":6.9015709,"loss":0.048250824213027954,"best score":10,"score":10,"_wandb":{"runtime":6},"_step":455,"_timestamp":1.741253311178143e+09,"step":0,"average score":6}