{"_timestamp":1.7412561786845078e+09,"_runtime":6.759277,"step":0,"best score":10,"_step":361,"score":10,"_wandb":{"runtime":6},"average score":10,"loss":1.8162329196929932,"reward":-10}