{"_step":109,"score":0,"_timestamp":1.7412549003884392e+09,"average score":3.3333333333333335,"_runtime":1.3672012,"best score":10,"step":0,"_wandb":{"runtime":1},"reward":-10,"loss":0.01874331571161747}