{"_step":455,"average score":5,"loss":1.7790286540985107,"_wandb":{"runtime":3},"step":0,"best score":10,"score":10,"_timestamp":1.7412548746297638e+09,"_runtime":3.4583293,"reward":-10}