{"average score":0,"_runtime":1.3353257,"_timestamp":1.7412551934629138e+09,"loss":0.04791481792926788,"score":0,"reward":-10,"_step":109,"step":0,"_wandb":{"runtime":1},"best score":10}