{"reward":-10,"_runtime":5.4436227,"_wandb":{"runtime":5},"_step":361,"best score":10,"step":0,"_timestamp":1.7412553971748173e+09,"average score":0,"score":10,"loss":0.07701945304870605}