{"reward":-10,"step":0,"_timestamp":1.7412550172290719e+09,"_runtime":1.2999093,"best score":10,"score":0,"loss":0.1904563009738922,"average score":2.2222222222222223,"_wandb":{"runtime":1},"_step":109}