{"average score":5,"_timestamp":1.7412549637052505e+09,"_step":361,"_runtime":2.6909845,"step":0,"_wandb":{"runtime":2},"score":10,"reward":-10,"loss":0.06301138550043106,"best score":10}