{"average score":6,"_runtime":4.0369828,"_wandb":{"runtime":4},"_step":361,"_timestamp":1.7412530613787136e+09,"reward":-10,"score":10,"best score":10,"loss":0.03298751264810562,"step":0}