{"_timestamp":1.741256151190372e+09,"_step":109,"score":0,"step":0,"average score":5,"_wandb":{"runtime":2},"loss":0.4428294003009796,"best score":10,"_runtime":2.2497634,"reward":-10}