{"best score":10,"_wandb":{"runtime":7},"reward":-10,"average score":10,"score":10,"step":0,"_step":455,"_timestamp":1.7412561950446725e+09,"_runtime":7.928132,"loss":0.10369555652141571}