{"_runtime":3.1336594,"score":10,"best score":10,"_timestamp":1.7412548644588594e+09,"step":0,"average score":6,"_step":361,"loss":0.1958129107952118,"reward":-10,"_wandb":{"runtime":3}}