{"reward":-10,"_wandb":{"runtime":2},"_step":109,"score":0,"_runtime":2.1208723,"loss":0.2804637551307678,"_timestamp":1.7412567376802013e+09,"step":0,"average score":1.25,"best score":10}