{"average score":0,"reward":-10,"_timestamp":1.7412557685719097e+09,"score":0,"_runtime":2.2053666,"loss":1.3718551397323608,"_step":109,"best score":10,"_wandb":{"runtime":2},"step":0}