{"_runtime":5.1798636,"_timestamp":1.7412541887531636e+09,"_step":361,"score":10,"average score":10,"reward":-10,"_wandb":{"runtime":5},"step":0,"loss":0.2874332070350647,"best score":10}