{"score":0,"_runtime":1.4673029,"loss":4.243331432342529,"_timestamp":1.7412543125068295e+09,"step":0,"_step":109,"_wandb":{"runtime":1},"reward":-10,"average score":8.333333333333334,"best score":10}