{"score":10,"loss":0.02265126071870327,"step":0,"reward":-10,"_wandb":{"runtime":4},"_step":361,"_timestamp":1.741253856593962e+09,"best score":10,"_runtime":4.8593811,"average score":10}