{"_runtime":4.7320719,"reward":-10,"best score":10,"score":10,"_step":361,"step":0,"_wandb":{"runtime":4},"loss":0.08680064976215363,"_timestamp":1.741254608279711e+09,"average score":3.3333333333333335}