{"reward":-10,"_timestamp":1.7412532815240967e+09,"average score":0,"_wandb":{"runtime":2},"_runtime":2.0885435,"_step":109,"loss":0.021193712949752808,"step":0,"score":0,"best score":10}