{"_timestamp":1.7412564436143663e+09,"best score":10,"_step":109,"loss":0.571087121963501,"_wandb":{"runtime":2},"reward":-10,"average score":0,"_runtime":2.2302571,"step":0,"score":0}