{"_wandb":{"runtime":4},"_step":361,"_timestamp":1.7412545428928754e+09,"loss":0.041190437972545624,"average score":7.5,"step":0,"best score":10,"reward":-10,"_runtime":4.2737005,"score":10}