{"loss":0.3026297092437744,"score":0,"_timestamp":1.741256573376259e+09,"average score":0,"reward":-10,"step":0,"best score":10,"_runtime":2.0916494,"_step":109,"_wandb":{"runtime":2}}