{"step":0,"_step":455,"best score":10,"_wandb":{"runtime":5},"loss":2.1362717151641846,"score":10,"_runtime":5.7678124,"average score":10,"reward":-10,"_timestamp":1.741253116894044e+09}