{"average score":10,"step":0,"score":10,"_step":455,"reward":-10,"_runtime":7.2045035,"loss":0.09245884418487549,"best score":10,"_timestamp":1.7412523058752046e+09,"_wandb":{"runtime":7}}