{"reward":-10,"score":0,"average score":0,"_runtime":2.1301194,"_timestamp":1.7412557513932564e+09,"_wandb":{"runtime":2},"best score":10,"_step":109,"step":0,"loss":0.32394343614578247}