{"_wandb":{"runtime":3},"_timestamp":1.7412530373689451e+09,"_runtime":3.9257581,"score":10,"step":0,"best score":10,"average score":0,"_step":361,"loss":0.03278925269842148,"reward":-10}