{"reward":-10,"score":0,"_runtime":1.2568511,"loss":0.028812425211071968,"_step":109,"step":0,"best score":10,"average score":6,"_wandb":{"runtime":1},"_timestamp":1.741254802944298e+09}