{"_timestamp":1.7412533170091705e+09,"_step":361,"score":10,"step":0,"best score":10,"average score":6.666666666666667,"reward":-10,"_wandb":{"runtime":4},"_runtime":4.2707874,"loss":2.9748001098632812}