{"step":0,"average score":6.666666666666667,"_wandb":{"runtime":8},"_step":455,"_timestamp":1.7412563292908561e+09,"loss":0.23900318145751953,"score":10,"best score":10,"_runtime":8.0421288,"reward":-10}