{"_timestamp":1.741253197402952e+09,"_step":361,"score":10,"average score":10,"_wandb":{"runtime":5},"reward":-10,"step":0,"best score":10,"_runtime":5.4828806,"loss":0.04274663329124451}