{"_timestamp":1.7412539621895292e+09,"score":10,"reward":-10,"_runtime":5.1089123,"best score":10,"average score":0,"_step":456,"loss":1.5789704322814941,"step":0,"_wandb":{"runtime":5}}