{"_timestamp":1.7412559516647577e+09,"score":0,"average score":0,"loss":0.3692963719367981,"best score":10,"step":0,"reward":-10,"_wandb":{"runtime":2},"_runtime":2.4616740999999998,"_step":109}