{"_runtime":2.5623774,"average score":0,"_timestamp":1.7412558095416415e+09,"step":0,"score":0,"best score":10,"_wandb":{"runtime":2},"loss":0.07010947912931442,"reward":-10,"_step":109}