{"loss":1.4522137641906738,"best score":10,"reward":-10,"_step":109,"_timestamp":1.7412540697867916e+09,"step":0,"_runtime":1.6765786999999999,"average score":5.714285714285714,"score":0,"_wandb":{"runtime":1}}