{"_timestamp":1.741256950340103e+09,"_wandb":{"runtime":2},"best score":10,"loss":1.5360153913497925,"step":0,"score":0,"average score":0,"_runtime":2.3334978,"_step":109,"reward":-10}