{"loss":0.33169615268707275,"step":0,"score":0,"_timestamp":1.7412551730109556e+09,"best score":10,"_wandb":{"runtime":1},"_runtime":1.1414005,"_step":109,"reward":-10,"average score":4}