{"loss":0.4994719922542572,"best score":10,"step":0,"_runtime":2.2904858,"average score":0,"_step":109,"_wandb":{"runtime":2},"_timestamp":1.7412556507001708e+09,"score":0,"reward":-10}