{"_wandb":{"runtime":2},"step":0,"score":0,"_timestamp":1.741255699504793e+09,"_step":109,"loss":0.526762068271637,"_runtime":2.2450997,"average score":1.4285714285714286,"best score":10,"reward":-10}