{"_wandb":{"runtime":7},"_runtime":7.6536504,"best score":10,"_step":455,"loss":0.757182776927948,"reward":-10,"score":10,"average score":1.25,"_timestamp":1.7412560343025503e+09,"step":0}