{"_step":109,"best score":10,"_wandb":{"runtime":1},"_timestamp":1.7412551114515033e+09,"loss":3.9359216690063477,"reward":-10,"step":0,"average score":2.857142857142857,"score":0,"_runtime":1.2286534}