{"best score":10,"step":0,"average score":3.3333333333333335,"_step":109,"_wandb":{"runtime":1},"reward":-10,"_timestamp":1.7412548127717886e+09,"loss":0.15194599330425262,"_runtime":1.2420991,"score":0}