{"reward":-10,"_wandb":{"runtime":2},"_timestamp":1.7412563521240819e+09,"_runtime":2.168235,"loss":3.1946394443511963,"step":0,"average score":3.75,"score":0,"best score":10,"_step":109}