{"_step":455,"loss":0.19091302156448364,"score":10,"best score":10,"_wandb":{"runtime":8},"_timestamp":1.7412568844626462e+09,"step":0,"reward":-10,"_runtime":8.5388016,"average score":10}