{"average score":0,"reward":-10,"_wandb":{"runtime":2},"_runtime":2.0282395,"_step":109,"best score":10,"step":0,"_timestamp":1.7412557304565005e+09,"loss":0.05651120841503143,"score":0}