{"score":0,"_runtime":2.4186648,"_step":109,"average score":0,"_timestamp":1.741255647227072e+09,"best score":10,"_wandb":{"runtime":2},"loss":1.7244364023208618,"step":0,"reward":-10}