{"reward":-10,"_step":109,"_timestamp":1.7412565264953616e+09,"loss":0.4678283631801605,"score":0,"best score":10,"step":0,"average score":0,"_wandb":{"runtime":2},"_runtime":2.7587859}