{"reward":-10,"score":10,"_wandb":{"runtime":3},"_timestamp":1.7412550608735516e+09,"step":0,"average score":10,"_runtime":3.1244935,"_step":361,"loss":2.7916643619537354,"best score":10}