{"average score":8.75,"best score":10,"reward":-10,"_step":361,"step":0,"loss":0.06711233407258987,"_runtime":4.1588247,"_wandb":{"runtime":4},"score":10,"_timestamp":1.7412530268340256e+09}