{"_runtime":4.5577602,"loss":0.03891972824931145,"step":0,"average score":8.88888888888889,"reward":-10,"score":10,"_wandb":{"runtime":4},"best score":10,"_timestamp":1.7412539553564012e+09,"_step":361}