{"score":0,"_wandb":{"runtime":2},"_runtime":2.2925335000000002,"_step":109,"average score":3.3333333333333335,"reward":-10,"_timestamp":1.7412556287307475e+09,"step":0,"loss":1.6665364503860474,"best score":10}