{"_timestamp":1.74125341643897e+09,"score":10,"best score":10,"reward":-10,"loss":0.09384660422801971,"step":0,"_step":361,"_wandb":{"runtime":4},"average score":3.3333333333333335,"_runtime":4.381037}