{"_runtime":2.0558216,"score":0,"best score":10,"reward":-10,"step":0,"_wandb":{"runtime":2},"loss":0.1624387949705124,"average score":0,"_timestamp":1.741255879644057e+09,"_step":109}