{"_timestamp":1.7412563455083516e+09,"_runtime":7.9906544,"_step":455,"_wandb":{"runtime":7},"loss":0.11701132357120514,"best score":10,"step":0,"average score":5,"reward":-10,"score":10}