{"score":0,"_wandb":{"runtime":3},"loss":0.11250714957714081,"_runtime":3.24054,"step":0,"reward":-10,"_step":109,"average score":0,"best score":10,"_timestamp":1.7412556400210235e+09}