{"_timestamp":1.7412553397621875e+09,"loss":5.754928112030029,"_step":361,"average score":2.2222222222222223,"_wandb":{"runtime":5},"_runtime":5.1404494,"step":0,"best score":10,"reward":-10,"score":10}