{"best score":10,"score":0,"_wandb":{"runtime":2},"loss":1.552364706993103,"_runtime":2.3484368,"_timestamp":1.7412565225979054e+09,"average score":0,"_step":109,"reward":-10,"step":0}