{"_timestamp":1.7412555769114811e+09,"_runtime":3.1708579,"average score":1.1111111111111112,"best score":10,"loss":0.2935054302215576,"step":0,"_step":109,"_wandb":{"runtime":3},"reward":-10,"score":0}