{"average score":0,"_wandb":{"runtime":3},"reward":-10,"step":0,"_timestamp":1.7412554628611982e+09,"loss":1.1075546741485596,"score":0,"_step":109,"_runtime":3.1435814,"best score":10}