{"_timestamp":1.7412543046776717e+09,"_runtime":4.2669027,"_step":361,"loss":0.3426285982131958,"step":0,"best score":10,"average score":10,"reward":-10,"score":10,"_wandb":{"runtime":4}}