{"step":0,"_timestamp":1.7412544856056376e+09,"_step":361,"score":10,"_wandb":{"runtime":4},"_runtime":4.7846906,"reward":-10,"loss":0.15268120169639587,"best score":10,"average score":4.285714285714286}