{"reward":-10,"_runtime":4.2370693,"loss":0.017024992033839226,"step":0,"_step":361,"best score":10,"_timestamp":1.7412539204101152e+09,"score":10,"_wandb":{"runtime":4},"average score":10}