{"_step":455,"step":0,"average score":8.75,"_timestamp":1.7412538369442415e+09,"_wandb":{"runtime":5},"loss":0.03617469221353531,"_runtime":5.5897494,"reward":-10,"score":10,"best score":10}