{"score":0,"average score":1.6666666666666667,"loss":1.0746192932128906,"_step":109,"_runtime":2.8638341,"_timestamp":1.741256806479876e+09,"step":0,"best score":10,"reward":-10,"_wandb":{"runtime":2}}