{"_runtime":1.5896261,"reward":-10,"best score":10,"average score":3.3333333333333335,"_step":109,"step":0,"score":0,"_wandb":{"runtime":1},"_timestamp":1.741254340191852e+09,"loss":0.015563296154141426}