{"_wandb":{"runtime":2},"reward":-10,"average score":8.333333333333334,"best score":10,"_runtime":2.0944409999999998,"step":0,"_timestamp":1.741253877721452e+09,"loss":1.868716835975647,"score":0,"_step":109}