{"score":0,"average score":2.5,"_step":109,"loss":0.09026283770799637,"_timestamp":1.7412541043766978e+09,"_runtime":1.7287477999999998,"step":0,"_wandb":{"runtime":1},"reward":-10,"best score":10}