{"loss":0.5721880197525024,"_runtime":2.2145622,"average score":0,"reward":-10,"_timestamp":1.7412567784762917e+09,"best score":10,"step":0,"_step":109,"_wandb":{"runtime":2},"score":0}