{"score":10,"_step":361,"_timestamp":1.7412547318426154e+09,"average score":5.714285714285714,"_wandb":{"runtime":2},"best score":10,"_runtime":2.8306523,"loss":3.323172092437744,"step":0,"reward":-10}