{"score":0,"_runtime":1.2689011,"reward":-10,"_step":109,"step":0,"average score":4.444444444444445,"loss":2.1386590003967285,"_wandb":{"runtime":1},"best score":10,"_timestamp":1.741255052009174e+09}