{"_step":361,"average score":10,"_wandb":{"runtime":4},"best score":10,"loss":0.01722783036530018,"reward":-10,"score":10,"_timestamp":1.7412538621514173e+09,"step":0,"_runtime":4.0298734}