{"score":10,"best score":10,"step":0,"reward":-10,"_step":455,"_wandb":{"runtime":7},"_timestamp":1.7412524444372563e+09,"average score":0,"_runtime":7.2777914,"loss":0.038835540413856506}