{"_runtime":5.6212056,"_wandb":{"runtime":5},"reward":-10,"_step":361,"loss":0.016967976465821266,"score":10,"average score":10,"_timestamp":1.741252264522856e+09,"best score":10,"step":0}