{"step":0,"_runtime":1.1399303,"best score":10,"_step":109,"score":0,"_wandb":{"runtime":1},"average score":1.25,"reward":-10,"loss":1.6046503782272339,"_timestamp":1.7412551512843502e+09}