{"score":0,"best score":10,"average score":2,"_timestamp":1.741255103889654e+09,"reward":-10,"step":0,"_runtime":1.1534459,"_step":109,"_wandb":{"runtime":1},"loss":0.18232080340385437}