{"_step":455,"_runtime":7.1974431,"loss":0.7408334612846375,"score":10,"reward":-10,"_timestamp":1.741253382569231e+09,"_wandb":{"runtime":7},"best score":10,"average score":8,"step":0}