{"step":0,"_timestamp":1.7412532294581387e+09,"reward":-10,"loss":0.024120846763253212,"best score":10,"_wandb":{"runtime":1},"average score":0,"_runtime":1.7120986,"_step":109,"score":0}