{"_step":109,"score":0,"reward":-10,"_timestamp":1.7412558132078733e+09,"step":0,"_wandb":{"runtime":2},"best score":10,"average score":0,"_runtime":2.1605093,"loss":1.4957115650177002}