{"_runtime":1.0865587,"_wandb":{"runtime":1},"reward":-10,"step":0,"score":0,"loss":0.743289053440094,"average score":3.75,"best score":10,"_step":109,"_timestamp":1.7412548104621308e+09}