{"average score":5,"step":0,"_step":109,"_runtime":1.0759136,"best score":10,"_wandb":{"runtime":1},"_timestamp":1.7412548883569567e+09,"score":0,"loss":0.050798334181308746,"reward":-10}