{"reward":-10,"loss":0.24893979728221893,"average score":6.666666666666667,"_runtime":1.3132724,"_step":109,"step":0,"_wandb":{"runtime":1},"best score":10,"_timestamp":1.7412547931579154e+09,"score":0}