{"loss":1.6122978925704956,"_runtime":3.9410105,"reward":-10,"_step":455,"step":0,"score":10,"best score":10,"_wandb":{"runtime":3},"average score":2.5,"_timestamp":1.7412547656378582e+09}