{"_wandb":{"runtime":2},"_step":109,"step":0,"reward":-10,"best score":10,"_runtime":2.7938576,"average score":0,"loss":0.13068899512290955,"score":0,"_timestamp":1.7412555854775658e+09}