{"_runtime":4.1934859,"step":0,"loss":0.4863928258419037,"_wandb":{"runtime":4},"reward":-10,"_timestamp":1.741254231821678e+09,"best score":10,"score":10,"average score":8.88888888888889,"_step":361}