{"loss":0.8695348501205444,"step":0,"average score":1.25,"_timestamp":1.741255988426383e+09,"reward":-10,"_wandb":{"runtime":2},"_runtime":2.2081987,"_step":109,"score":0,"best score":10}