{"best score":10,"score":10,"reward":-10,"average score":8.88888888888889,"_step":361,"loss":0.04604044929146767,"_runtime":4.1395587,"step":0,"_wandb":{"runtime":4},"_timestamp":1.7412538422936366e+09}