{"_step":109,"step":0,"reward":-10,"_timestamp":1.7412565626571865e+09,"loss":2.3222856521606445,"_runtime":2.1998188,"score":0,"best score":10,"average score":0,"_wandb":{"runtime":2}}