{"score":0,"loss":4.69546365737915,"_wandb":{"runtime":2},"step":0,"average score":7.5,"reward":-10,"_timestamp":1.7412562627889607e+09,"_runtime":2.2331805,"_step":109,"best score":10}