{"_timestamp":1.7412550076121812e+09,"loss":0.08529479801654816,"score":0,"step":0,"reward":-10,"_step":109,"_wandb":{"runtime":1},"best score":10,"average score":4,"_runtime":1.1676703}