{"step":0,"reward":-10,"_timestamp":1.7412556543524787e+09,"_step":109,"loss":0.11584115028381348,"average score":0,"_wandb":{"runtime":2},"score":0,"best score":10,"_runtime":2.5141885999999998}