{"_wandb":{"runtime":2},"step":0,"reward":-10,"best score":10,"_timestamp":1.7412557945760977e+09,"loss":0.790614128112793,"score":0,"_step":109,"average score":0,"_runtime":2.6882696}