{"_timestamp":1.7412544704244378e+09,"_wandb":{"runtime":4},"reward":-10,"loss":0.06084506958723068,"_runtime":4.8528804,"score":10,"best score":10,"average score":2.5,"step":0,"_step":455}