{"loss":0.11204241216182709,"reward":-10,"_wandb":{"runtime":5},"_step":455,"_timestamp":1.7412542993214445e+09,"score":10,"average score":10,"best score":10,"step":0,"_runtime":5.3195405000000004}