{"_wandb":{"runtime":5},"_timestamp":1.7412540960038493e+09,"best score":10,"_runtime":5.6906253,"step":0,"reward":-10,"loss":0.026542210951447487,"score":10,"average score":10,"_step":455}