{"step":0,"_wandb":{"runtime":1},"loss":3.053879499435425,"best score":10,"_runtime":1.6749135000000002,"reward":-10,"average score":0,"score":0,"_timestamp":1.7412553425639334e+09,"_step":109}