{"_wandb":{"runtime":8},"_runtime":8.5666435,"_timestamp":1.7412562724620585e+09,"best score":10,"loss":0.6129556894302368,"score":10,"average score":8,"reward":-10,"_step":455,"step":0}