{"step":0,"average score":10,"_step":361,"best score":10,"_runtime":4.597922,"reward":-10,"_wandb":{"runtime":4},"loss":0.027425270527601242,"score":10,"_timestamp":1.7412542865043826e+09}