{"reward":-10,"best score":10,"_timestamp":1.741256130805681e+09,"loss":0.7784718871116638,"_runtime":2.4296948,"_wandb":{"runtime":2},"step":0,"score":0,"average score":7.5,"_step":109}