{"best score":10,"_step":455,"reward":-10,"_timestamp":1.7412550027384903e+09,"step":0,"_wandb":{"runtime":3},"_runtime":3.5825339,"average score":6.666666666666667,"loss":0.18348731100559235,"score":10}