{"best score":10,"average score":1.4285714285714286,"_wandb":{"runtime":2},"reward":-10,"score":0,"_timestamp":1.741256389142388e+09,"loss":2.438372850418091,"_runtime":2.1646868,"_step":109,"step":0}