{"_wandb":{"runtime":5},"_step":361,"loss":0.07251616567373276,"step":0,"reward":-10,"average score":10,"_timestamp":1.7412534812737858e+09,"best score":10,"_runtime":5.1675358,"score":10}