{"step":0,"best score":10,"average score":0,"reward":-10,"_timestamp":1.741255643596035e+09,"loss":0.08256400376558304,"_runtime":2.3015484,"score":0,"_step":109,"_wandb":{"runtime":2}}