{"average score":0,"step":0,"loss":0.2377758026123047,"best score":10,"_runtime":2.1023301,"score":0,"reward":-10,"_timestamp":1.741256688144187e+09,"_wandb":{"runtime":2},"_step":109}