{"score":0,"average score":0,"_wandb":{"runtime":2},"step":0,"loss":0.03666866570711136,"best score":10,"reward":-10,"_timestamp":1.7412553060735323e+09,"_step":109,"_runtime":2.5616521}