{"best score":10,"average score":5,"step":0,"_timestamp":1.741254158205001e+09,"_step":109,"score":0,"loss":0.038675881922245026,"_runtime":1.4670663,"_wandb":{"runtime":1},"reward":-10}