{"_runtime":1.4234793,"_wandb":{"runtime":1},"score":0,"best score":10,"average score":4.444444444444445,"_step":109,"reward":-10,"loss":0.7338170409202576,"step":0,"_timestamp":1.7412551908247783e+09}