{"step":0,"_step":455,"reward":-10,"_timestamp":1.741252572093979e+09,"_runtime":6.3192398,"best score":10,"average score":0,"loss":0.29828235507011414,"score":10,"_wandb":{"runtime":6}}