{"average score":2.857142857142857,"best score":10,"_timestamp":1.7412558567899866e+09,"_runtime":8.3307965,"loss":0.1301346719264984,"score":10,"step":0,"reward":-10,"_step":455,"_wandb":{"runtime":8}}