{"loss":1.5309854745864868,"_runtime":1.2283264,"step":0,"score":0,"average score":4,"best score":10,"_timestamp":1.7412549341118674e+09,"_step":109,"_wandb":{"runtime":1},"reward":-10}