{"_step":109,"best score":10,"_wandb":{"runtime":3},"_timestamp":1.7412569469608161e+09,"_runtime":3.8933641,"loss":0.11910083889961243,"step":0,"reward":-10,"score":0,"average score":0}