{"_timestamp":1.7412569419313993e+09,"average score":0,"_wandb":{"runtime":3},"best score":10,"_step":109,"loss":1.8465423583984375,"step":0,"reward":-10,"_runtime":3.0387448,"score":0}