{"average score":5,"_wandb":{"runtime":1},"best score":10,"_timestamp":1.7412548059930158e+09,"_runtime":1.78806,"loss":0.525316059589386,"score":0,"step":0,"_step":109,"reward":-10}