{"_runtime":2.3271931,"step":0,"score":0,"loss":0.16404712200164795,"best score":10,"_timestamp":1.7412566782774138e+09,"_wandb":{"runtime":2},"reward":-10,"_step":109,"average score":0}