{"_timestamp":1.7412560583074343e+09,"reward":-10,"best score":10,"average score":2.5,"_step":109,"_wandb":{"runtime":2},"_runtime":2.0477891,"score":0,"step":0,"loss":0.46134573221206665}