{"_wandb":{"runtime":6},"_runtime":6.9917353,"loss":3.785639524459839,"step":0,"_step":361,"average score":4.285714285714286,"score":10,"_timestamp":1.7412560789049098e+09,"best score":10,"reward":-10}