{"_step":109,"reward":-10,"average score":5,"_runtime":2.2258829,"score":0,"step":0,"_wandb":{"runtime":2},"loss":1.5957667827606201,"_timestamp":1.7412529844458983e+09,"best score":10}