{"step":0,"_timestamp":1.7412567117324133e+09,"best score":10,"_wandb":{"runtime":8},"loss":2.3034610748291016,"score":10,"_step":455,"_runtime":8.7261117,"average score":10,"reward":-10}