{"best score":10,"_timestamp":1.7412531602236278e+09,"reward":-10,"loss":3.063162088394165,"_runtime":2.7973263,"average score":0,"_wandb":{"runtime":2},"step":0,"score":0,"_step":109}