{"best score":10,"loss":0.7577943205833435,"average score":10,"_step":361,"_wandb":{"runtime":4},"_timestamp":1.7412544254194772e+09,"reward":-10,"_runtime":4.5423297,"score":10,"step":0}