{"score":10,"average score":10,"_runtime":6.6216374,"reward":-10,"best score":10,"_wandb":{"runtime":6},"_timestamp":1.7412562424641323e+09,"_step":361,"step":0,"loss":0.07388713955879211}