{"reward":-10,"step":0,"score":10,"best score":10,"_step":361,"_runtime":3.5916202999999998,"average score":5,"_timestamp":1.7412551873645673e+09,"loss":0.1255967915058136,"_wandb":{"runtime":3}}