{"average score":2.5,"score":0,"_timestamp":1.7412555996418822e+09,"_wandb":{"runtime":2},"best score":10,"step":0,"_step":109,"_runtime":2.137793,"reward":-10,"loss":0.15566717088222504}