{"reward":-10,"average score":0,"score":0,"best score":10,"_timestamp":1.7412552991789458e+09,"_runtime":1.9096714000000001,"step":0,"loss":0.1128770187497139,"_wandb":{"runtime":1},"_step":109}