{"_step":109,"step":0,"_runtime":1.4211661,"_timestamp":1.7412547462469969e+09,"loss":0.2447318732738495,"_wandb":{"runtime":1},"score":0,"best score":10,"average score":0,"reward":-10}