{"best score":10,"average score":5.555555555555555,"_wandb":{"runtime":3},"_step":361,"score":10,"_runtime":3.0848468,"step":0,"reward":-10,"loss":0.37621161341667175,"_timestamp":1.7412549844058363e+09}