{"reward":-10,"_timestamp":1.7412532127619598e+09,"average score":7.142857142857143,"loss":0.02317630499601364,"best score":10,"_wandb":{"runtime":1},"step":0,"_step":109,"score":0,"_runtime":1.9211051000000001}