{"average score":0,"step":0,"best score":10,"_runtime":2.2697794,"_wandb":{"runtime":2},"_step":109,"score":0,"_timestamp":1.7412569696757824e+09,"loss":0.5059504508972168,"reward":-10}