{"_wandb":{"runtime":8},"_runtime":8.06064,"loss":3.2646713256835938,"best score":10,"average score":2,"step":0,"score":10,"_timestamp":1.7412563820572338e+09,"_step":455,"reward":-10}