{"average score":7.777777777777778,"step":0,"_timestamp":1.7412530858400831e+09,"score":10,"loss":0.03558984026312828,"_wandb":{"runtime":4},"_step":361,"_runtime":4.2481512,"best score":10,"reward":-10}