{"best score":10,"_timestamp":1.7412539494876778e+09,"reward":-10,"_runtime":5.9063698,"average score":8.75,"_step":456,"step":0,"score":10,"loss":0.06332044303417206,"_wandb":{"runtime":5}}