{"_timestamp":1.741253135389709e+09,"best score":10,"_runtime":8.0056661,"loss":3.3506503105163574,"reward":-10,"average score":8.571428571428571,"score":10,"step":0,"_wandb":{"runtime":8},"_step":361}