{"_timestamp":1.7412542159269965e+09,"_step":361,"_wandb":{"runtime":5},"_runtime":5.1679205,"reward":-10,"best score":10,"average score":10,"score":10,"step":0,"loss":0.1093297079205513}