{"loss":0.4445548951625824,"step":0,"_step":109,"best score":10,"_wandb":{"runtime":1},"average score":0,"reward":-10,"_runtime":1.9693364,"score":0,"_timestamp":1.7412554396296525e+09}