{"reward":-10,"_step":361,"score":10,"average score":0,"_timestamp":1.7412552645253785e+09,"loss":0.12473373115062714,"_wandb":{"runtime":3},"step":0,"_runtime":3.3400186,"best score":10}