{"best score":10,"reward":-10,"loss":0.0859760120511055,"step":0,"score":10,"_wandb":{"runtime":4},"average score":1.6666666666666667,"_timestamp":1.741255146479163e+09,"_runtime":4.2198244,"_step":462}