{"loss":1.3551177978515625,"_timestamp":1.7412561628698416e+09,"_wandb":{"runtime":2},"best score":10,"_step":109,"average score":0,"reward":-10,"_runtime":2.4946082,"score":0,"step":0}