{"average score":3.3333333333333335,"best score":10,"reward":-10,"step":0,"_timestamp":1.741255686003492e+09,"_runtime":2.6650460000000002,"loss":1.6533010005950928,"score":0,"_step":109,"_wandb":{"runtime":2}}