{"_runtime":6.7281306,"average score":10,"_step":361,"step":0,"score":10,"_wandb":{"runtime":6},"loss":1.6390036344528198,"_timestamp":1.741253168259698e+09,"best score":10,"reward":-10}