{"loss":0.12889443337917328,"_step":109,"_timestamp":1.741255657805631e+09,"step":0,"score":0,"reward":-10,"average score":0,"best score":10,"_wandb":{"runtime":2},"_runtime":2.3961968000000002}