{"best score":10,"_wandb":{"runtime":2},"step":0,"average score":0,"reward":-10,"_timestamp":1.7412559221389277e+09,"_runtime":2.3933286,"score":0,"_step":109,"loss":0.10873892903327942}