{"_timestamp":1.7412559073549354e+09,"step":0,"reward":-10,"_runtime":2.8740871,"average score":0,"loss":0.9302026629447937,"_wandb":{"runtime":2},"best score":10,"_step":109,"score":0}