{"_timestamp":1.7412545051951628e+09,"_step":361,"loss":0.02387831173837185,"score":10,"best score":10,"_wandb":{"runtime":4},"reward":-10,"_runtime":4.4451358,"step":0,"average score":10}