{"_step":361,"score":10,"reward":-10,"_runtime":4.0662431,"step":0,"average score":5,"_timestamp":1.741254380439984e+09,"best score":10,"loss":0.18998600542545319,"_wandb":{"runtime":4}}