{"_step":361,"step":0,"loss":0.026882650330662727,"score":10,"reward":-10,"_timestamp":1.7412543277898624e+09,"average score":0,"best score":10,"_wandb":{"runtime":4},"_runtime":4.6275334}