{"_runtime":9.4264971,"_step":455,"best score":10,"_timestamp":1.741252163322336e+09,"step":0,"reward":-10,"_wandb":{"runtime":9},"score":10,"loss":0.06306237727403641,"average score":10}