{"_runtime":1.8814177,"_wandb":{"runtime":1},"_step":109,"loss":0.5849325656890869,"best score":10,"average score":2,"reward":-10,"_timestamp":1.74125532130523e+09,"step":0,"score":0}