{"loss":0.3668731153011322,"step":0,"_runtime":1.1427268,"_wandb":{"runtime":1},"average score":2.857142857142857,"best score":10,"reward":-10,"score":0,"_timestamp":1.7412552524786677e+09,"_step":109}