{"score":10,"best score":10,"step":0,"_wandb":{"runtime":4},"_step":361,"loss":0.02846788614988327,"_runtime":4.3710777,"average score":10,"reward":-10,"_timestamp":1.7412538143569047e+09}