{"_timestamp":1.741253850310111e+09,"average score":10,"_step":361,"loss":0.016084609553217888,"_wandb":{"runtime":4},"step":0,"_runtime":4.0749676,"best score":10,"score":10,"reward":-10}