{"score":0,"_wandb":{"runtime":2},"_runtime":2.249633,"_step":109,"loss":0.20891277492046356,"best score":10,"average score":2,"reward":-10,"_timestamp":1.7412568024975743e+09,"step":0}