{"_wandb":{"runtime":2},"reward":-10,"_runtime":2.3124943,"score":0,"best score":10,"_timestamp":1.7412565702305496e+09,"average score":0,"step":0,"_step":109,"loss":0.18983802199363708}