{"_wandb":{"runtime":1},"_step":109,"loss":0.034872520714998245,"score":0,"_timestamp":1.741255276099711e+09,"best score":10,"step":0,"reward":-10,"average score":0,"_runtime":1.7372974}