{"reward":-10,"best score":10,"loss":2.5082602500915527,"score":0,"_wandb":{"runtime":1},"step":0,"_timestamp":1.7412549597891815e+09,"_runtime":1.0998431,"average score":3.3333333333333335,"_step":109}