{"step":0,"average score":0,"score":0,"_timestamp":1.7412544614084115e+09,"_runtime":1.5327374,"best score":10,"_wandb":{"runtime":1},"_step":109,"loss":0.6747584939002991,"reward":-10}