{"best score":10,"step":0,"score":0,"_runtime":2.5541080000000003,"_wandb":{"runtime":2},"loss":8.168035507202148,"reward":-10,"_timestamp":1.7412564654574955e+09,"_step":109,"average score":1.4285714285714286}