{"loss":4.320356845855713,"_step":361,"_wandb":{"runtime":5},"_timestamp":1.741256051706294e+09,"step":0,"reward":-10,"best score":10,"score":10,"average score":5,"_runtime":5.9627438}