{"_wandb":{"runtime":2},"_timestamp":1.7412555307730267e+09,"_runtime":2.4335069,"step":0,"average score":1.25,"score":0,"_step":109,"reward":-10,"best score":10,"loss":2.952500343322754}