{"step":0,"loss":0.042241476476192474,"_timestamp":1.7412557979810882e+09,"reward":-10,"_step":109,"_runtime":2.2062123,"best score":10,"average score":0,"_wandb":{"runtime":2},"score":0}