{"best score":10,"score":0,"_timestamp":1.7412554026952162e+09,"loss":0.034793492406606674,"_step":109,"step":0,"reward":-10,"_runtime":1.6508509999999998,"average score":0,"_wandb":{"runtime":1}}