{"best score":10,"_step":109,"step":0,"_timestamp":1.7412559672944503e+09,"_runtime":3.1970876,"score":0,"average score":5,"reward":-10,"_wandb":{"runtime":3},"loss":0.1711251437664032}