{"step":0,"_runtime":3.9783294,"_wandb":{"runtime":3},"_step":361,"_timestamp":1.7412530974981093e+09,"best score":10,"reward":-10,"loss":0.025771530345082283,"average score":10,"score":10}