{"best score":10,"average score":1.25,"_step":109,"loss":0.28757503628730774,"score":0,"step":0,"_wandb":{"runtime":2},"reward":-10,"_runtime":2.4154768,"_timestamp":1.7412555723911097e+09}