{"_runtime":5.0673192,"_step":455,"reward":-10,"score":10,"best score":10,"_timestamp":1.7412534556910982e+09,"average score":6.25,"loss":0.9717724323272705,"step":0,"_wandb":{"runtime":5}}