{"reward":-10,"best score":10,"_runtime":2.4061899,"step":0,"average score":1.1111111111111112,"_timestamp":1.741256559244572e+09,"score":0,"_wandb":{"runtime":2},"loss":0.05257962644100189,"_step":109}