{"loss":3.295212745666504,"step":0,"best score":10,"_wandb":{"runtime":2},"_step":109,"_runtime":2.1443182,"score":0,"_timestamp":1.741256540087181e+09,"reward":-10,"average score":0}