{"_step":109,"loss":0.5375641584396362,"best score":10,"_wandb":{"runtime":2},"_timestamp":1.7412568367465856e+09,"reward":-10,"step":0,"score":0,"average score":0,"_runtime":2.6876843}