{"loss":0.2184811234474182,"score":0,"reward":-10,"step":0,"best score":10,"_timestamp":1.7412568257097416e+09,"_wandb":{"runtime":2},"average score":0,"_runtime":2.6382166,"_step":109}