{"average score":5,"_step":455,"_runtime":6.4118403,"score":10,"reward":-10,"best score":10,"_wandb":{"runtime":6},"step":0,"_timestamp":1.7412526041512454e+09,"loss":0.17635494470596313}