{"step":0,"score":0,"_timestamp":1.7412530406272118e+09,"_runtime":1.7577817,"average score":0,"best score":10,"_wandb":{"runtime":1},"reward":-10,"_step":109,"loss":0.05216039717197418}