{"reward":-10,"_runtime":5.7740449,"_step":361,"step":0,"score":10,"best score":10,"_timestamp":1.74125225714138e+09,"_wandb":{"runtime":5},"average score":10,"loss":0.013120469637215137}