{"loss":0.10170997679233551,"best score":10,"_runtime":6.5474831,"reward":-10,"score":10,"average score":6.666666666666667,"_step":455,"_wandb":{"runtime":6},"_timestamp":1.741252530221271e+09,"step":0}