{"_timestamp":1.7412532960450504e+09,"loss":0.08266690373420715,"best score":10,"_runtime":1.9586885,"reward":-10,"_step":109,"step":0,"average score":3.3333333333333335,"_wandb":{"runtime":1},"score":0}