{"_wandb":{"runtime":2},"_timestamp":1.741256832675651e+09,"loss":0.21360324323177338,"reward":-10,"_step":109,"average score":0,"score":0,"best score":10,"_runtime":2.4394081,"step":0}