{"average score":6.666666666666667,"_runtime":4.2549797,"_step":361,"score":10,"_wandb":{"runtime":4},"loss":0.03680705651640892,"_timestamp":1.7412540832419796e+09,"reward":-10,"step":0,"best score":10}