{"loss":0.101564921438694,"average score":0,"score":0,"_wandb":{"runtime":2},"_timestamp":1.7412525820506957e+09,"best score":10,"reward":-10,"_runtime":2.0008823,"_step":109,"step":0}