{"_wandb":{"runtime":4},"score":10,"average score":10,"loss":0.04743164777755737,"best score":10,"_runtime":4.2636996,"_step":361,"reward":-10,"_timestamp":1.7412539911205606e+09,"step":0}