{"_timestamp":1.7412551165429604e+09,"loss":0.13633063435554504,"_step":455,"_runtime":4.0230774,"average score":3.75,"reward":-10,"score":10,"step":0,"best score":10,"_wandb":{"runtime":4}}