{"loss":0.06792731583118439,"average score":3.3333333333333335,"step":0,"_runtime":2.2172036999999998,"best score":10,"_wandb":{"runtime":2},"_timestamp":1.7412526485858388e+09,"_step":109,"reward":-10,"score":0}