{"_timestamp":1.7412533635588498e+09,"score":10,"reward":-10,"best score":10,"_step":455,"loss":0.10512536019086838,"_runtime":14.1583439,"average score":6.666666666666667,"step":0,"_wandb":{"runtime":14}}