{"reward":-10,"score":10,"_wandb":{"runtime":7},"loss":0.3554939329624176,"_timestamp":1.7412562066935985e+09,"step":0,"_runtime":7.4477624,"_step":455,"best score":10,"average score":8.333333333333334}