{"step":0,"score":0,"loss":1.0873645544052124,"average score":0,"reward":-10,"_runtime":2.5375357,"_wandb":{"runtime":2},"_timestamp":1.7412557650955286e+09,"best score":10,"_step":109}