{"_timestamp":1.7412541199189975e+09,"score":0,"best score":10,"_step":109,"step":0,"_wandb":{"runtime":1},"loss":1.9777472019195557,"average score":4.285714285714286,"reward":-10,"_runtime":1.5126836}